employee_id,first_name,last_name,email,job_title,department_id,hire_date
1,Jayden,Brown,jayden.brown1@mockcompany.com,Product Specialist,467,2025-09-23
2,Aiden,Williams,aiden.williams2@mockcompany.com,Product Specialist,880,2021-11-14
3,Aiden,Martinez,aiden.martinez3@mockcompany.com,Project Coordinator,792,2021-02-25
4,Adrian,Scott,adrian.scott4@mockcompany.com,Help Desk Specialist,234,2025-09-15
5,Nicholas,Johnson,nicholas.johnson5@mockcompany.com,AI Analyst,251,2020-07-07
6,Luke,Thompson,luke.thompson6@mockcompany.com,Business Intelligence Developer,943,2021-09-06
7,Mason,Johnson,mason.johnson7@mockcompany.com,Service Coordinator,823,2024-09-13
8,Daniel,Martin,daniel.martin8@mockcompany.com,Sales Analyst,427,2023-08-03
9,Jackson,Brown,jackson.brown9@mockcompany.com,Forecasting Analyst,123,2025-08-18
10,Ezra,Williams,ezra.williams10@mockcompany.com,Business Analyst,229,2025-10-13
11,Noah,Harris,noah.harris11@mockcompany.com,Systems Analyst,899,2025-03-20
12,Caleb,Moore,caleb.moore12@mockcompany.com,Operations Analyst,336,2020-12-19
13,Leo,Lewis,leo.lewis13@mockcompany.com,AI Analyst,378,2022-04-01
14,Levi,Scott,levi.scott14@mockcompany.com,Operations Analyst,758,2022-09-20
15,Matthew,Thompson,matthew.thompson15@mockcompany.com,Product Specialist,792,2022-03-11
16,Christopher,King,christopher.king16@mockcompany.com,Sales Analyst,155,2020-01-27
17,Eli,Sanchez,eli.sanchez17@mockcompany.com,AI Analyst,239,2026-01-27
18,Theodore,Cerasaro,theodore.cerasaro18@mockcompany.com,Customer Success Specialist,2,2024-03-21
19,Nathan,Jackson,nathan.jackson19@mockcompany.com,Help Desk Specialist,211,2025-12-10
20,Jacob,Sanchez,jacob.sanchez20@mockcompany.com,Product Specialist,985,2020-09-02
21,Henry,Taylor,henry.taylor21@mockcompany.com,Systems Analyst,45,2022-08-06
22,Adrian,Allen,adrian.allen22@mockcompany.com,Automation Specialist,718,2024-03-05
23,Matthew,Jones,matthew.jones23@mockcompany.com,Help Desk Specialist,518,2021-06-30
24,Anthony,Harris,anthony.harris24@mockcompany.com,Systems Analyst,607,2020-09-12
25,David,Davis,david.davis25@mockcompany.com,Sales Analyst,299,2022-12-05
26,Nathan,Martin,nathan.martin26@mockcompany.com,Business Intelligence Developer,718,2023-08-29
27,Jack,Ramirez,jack.ramirez27@mockcompany.com,Project Coordinator,240,2020-11-01
28,Michael,Davis,michael.davis28@mockcompany.com,Help Desk Specialist,160,2021-03-08
29,Alexander,Ramirez,alexander.ramirez29@mockcompany.com,Digital Strategy Associate,322,2024-07-23
30,Benjamin,King,benjamin.king30@mockcompany.com,Forecasting Analyst,988,2022-04-30
31,Wyatt,Jackson,wyatt.jackson31@mockcompany.com,Digital Strategy Associate,272,2021-05-06
32,James,Martinez,james.martinez32@mockcompany.com,Operations Analyst,847,2020-06-14
33,Ethan,Martin,ethan.martin33@mockcompany.com,IT Support Engineer,94,2022-10-13
34,Theodore,Harris,theodore.harris34@mockcompany.com,Dealer Support Associate,51,2023-05-09
35,Logan,Hernandez,logan.hernandez35@mockcompany.com,AI Analyst,975,2024-07-14
36,Nathan,Ramirez,nathan.ramirez36@mockcompany.com,Service Coordinator,767,2026-03-03
37,Jacob,Garcia,jacob.garcia37@mockcompany.com,Digital Strategy Associate,105,2021-07-26
38,Benjamin,Cerasaro,benjamin.cerasaro38@mockcompany.com,Data Analyst,851,2022-06-29
39,Lucas,Lopez,lucas.lopez39@mockcompany.com,Business Intelligence Developer,382,2020-12-10
40,Gabriel,Torres,gabriel.torres40@mockcompany.com,Project Coordinator,940,2020-11-03
41,Liam,Brown,liam.brown41@mockcompany.com,Marketing Analyst,925,2024-12-21
42,Andrew,Davis,andrew.davis42@mockcompany.com,Systems Analyst,927,2023-09-20
43,Benjamin,Johnson,benjamin.johnson43@mockcompany.com,Digital Strategy Associate,52,2021-11-19
44,Eli,Scott,eli.scott44@mockcompany.com,Automation Specialist,842,2024-06-05
45,Asher,Smith,asher.smith45@mockcompany.com,Business Intelligence Developer,700,2024-10-13
46,Mason,Perez,mason.perez46@mockcompany.com,Marketing Analyst,931,2022-02-05
47,Jackson,Taylor,jackson.taylor47@mockcompany.com,Digital Strategy Associate,905,2021-08-31
48,Noah,Hill,noah.hill48@mockcompany.com,Sales Analyst,663,2023-04-23
49,Asher,Sanchez,asher.sanchez49@mockcompany.com,Service Coordinator,491,2020-09-06
50,James,Taylor,james.taylor50@mockcompany.com,Business Intelligence Developer,141,2024-09-13
51,Michael,Allen,michael.allen51@mockcompany.com,Sales Analyst,646,2026-02-04
52,Isaiah,Smith,isaiah.smith52@mockcompany.com,Business Intelligence Developer,801,2024-01-10
53,Luke,King,luke.king53@mockcompany.com,Product Specialist,353,2025-08-19
54,Jack,White,jack.white54@mockcompany.com,Project Coordinator,185,2020-04-16
55,Jack,Nguyen,jack.nguyen55@mockcompany.com,Sales Analyst,31,2023-02-24
56,Oliver,Robinson,oliver.robinson56@mockcompany.com,Dealer Support Associate,367,2022-08-11
57,Alexander,Garcia,alexander.garcia57@mockcompany.com,Sales Analyst,673,2022-09-14
58,Jackson,King,jackson.king58@mockcompany.com,Data Analyst,783,2022-06-17
59,Jayden,White,jayden.white59@mockcompany.com,Forecasting Analyst,958,2021-12-12
60,Mason,Anderson,mason.anderson60@mockcompany.com,Customer Success Specialist,826,2024-01-09
61,Miles,Torres,miles.torres61@mockcompany.com,AI Analyst,721,2023-12-11
62,Jayden,Scott,jayden.scott62@mockcompany.com,IT Support Engineer,577,2022-02-10
63,Joshua,Walker,joshua.walker63@mockcompany.com,Service Coordinator,317,2021-12-20
64,Asher,Johnson,asher.johnson64@mockcompany.com,Systems Analyst,58,2022-08-10
65,Isaac,Wilson,isaac.wilson65@mockcompany.com,AI Analyst,540,2025-05-11
66,Nicholas,Lee,nicholas.lee66@mockcompany.com,Marketing Analyst,826,2021-06-18
67,Owen,Hernandez,owen.hernandez67@mockcompany.com,Customer Success Specialist,61,2020-03-30
68,Henry,Torres,henry.torres68@mockcompany.com,IT Support Engineer,793,2021-03-30
69,Nathan,Allen,nathan.allen69@mockcompany.com,Forecasting Analyst,984,2020-10-24
70,Aiden,Harris,aiden.harris70@mockcompany.com,Help Desk Specialist,345,2023-05-21
71,Jack,Davis,jack.davis71@mockcompany.com,Business Analyst,750,2024-11-24
72,Isaiah,Walker,isaiah.walker72@mockcompany.com,Customer Success Specialist,179,2024-01-01
73,Daniel,Torres,daniel.torres73@mockcompany.com,Business Analyst,388,2023-06-10
74,Christopher,Moore,christopher.moore74@mockcompany.com,IT Support Engineer,182,2020-01-08
75,Thomas,Scott,thomas.scott75@mockcompany.com,Business Intelligence Developer,872,2020-05-12
76,Mason,Nguyen,mason.nguyen76@mockcompany.com,Customer Success Specialist,944,2022-06-23
77,Anthony,Scott,anthony.scott77@mockcompany.com,Help Desk Specialist,960,2025-07-25
78,Henry,Lee,henry.lee78@mockcompany.com,Systems Analyst,244,2023-11-21
79,Jack,Martinez,jack.martinez79@mockcompany.com,Systems Analyst,842,2023-10-07
80,Wyatt,Cerasaro,wyatt.cerasaro80@mockcompany.com,Project Coordinator,215,2022-10-19
81,Thomas,Brown,thomas.brown81@mockcompany.com,Forecasting Analyst,263,2021-03-18
82,Christopher,Cerasaro,christopher.cerasaro82@mockcompany.com,Data Analyst,396,2024-11-29
83,Christopher,Sanchez,christopher.sanchez83@mockcompany.com,Business Analyst,906,2024-08-22
84,Asher,White,asher.white84@mockcompany.com,Forecasting Analyst,560,2024-03-17
85,William,Robinson,william.robinson85@mockcompany.com,Sales Analyst,167,2025-01-22
86,Elijah,Johnson,elijah.johnson86@mockcompany.com,Operations Analyst,21,2023-07-29
87,Logan,Garcia,logan.garcia87@mockcompany.com,Systems Analyst,351,2021-11-27
88,Ryan,White,ryan.white88@mockcompany.com,Business Analyst,750,2020-11-03
89,Leo,Jones,leo.jones89@mockcompany.com,Customer Success Specialist,609,2025-05-31
90,Charles,Smith,charles.smith90@mockcompany.com,Automation Specialist,966,2021-11-06
91,Isaac,Clark,isaac.clark91@mockcompany.com,Business Analyst,55,2021-02-18
92,Owen,Gonzalez,owen.gonzalez92@mockcompany.com,Marketing Analyst,420,2026-03-19
93,Christopher,King,christopher.king93@mockcompany.com,Project Coordinator,677,2023-02-27
94,Sebastian,Anderson,sebastian.anderson94@mockcompany.com,Help Desk Specialist,51,2024-05-28
95,Jayden,Wright,jayden.wright95@mockcompany.com,Product Specialist,158,2020-08-11
96,Aiden,Cerasaro,aiden.cerasaro96@mockcompany.com,Automation Specialist,90,2023-04-21
97,Elias,Nguyen,elias.nguyen97@mockcompany.com,Product Specialist,205,2021-02-01
98,Liam,Gonzalez,liam.gonzalez98@mockcompany.com,Business Analyst,654,2023-04-10
99,James,Robinson,james.robinson99@mockcompany.com,Help Desk Specialist,316,2024-06-16
100,Luke,Walker,luke.walker100@mockcompany.com,Project Coordinator,94,2026-02-06
101,Samuel,Hernandez,samuel.hernandez101@mockcompany.com,Forecasting Analyst,907,2024-04-11
102,Aiden,Hernandez,aiden.hernandez102@mockcompany.com,Digital Strategy Associate,46,2022-12-14
103,Wyatt,Lewis,wyatt.lewis103@mockcompany.com,Project Coordinator,232,2023-01-05
104,Jayden,Williams,jayden.williams104@mockcompany.com,IT Support Engineer,771,2021-01-31
105,James,Perez,james.perez105@mockcompany.com,Service Coordinator,424,2022-07-20
106,Leo,Williams,leo.williams106@mockcompany.com,Business Intelligence Developer,839,2025-11-10
107,John,King,john.king107@mockcompany.com,Product Specialist,587,2022-08-23
108,Luke,Jackson,luke.jackson108@mockcompany.com,Systems Analyst,405,2020-05-22
109,Carter,Scott,carter.scott109@mockcompany.com,Dealer Support Associate,820,2021-08-26
110,Benjamin,Ramirez,benjamin.ramirez110@mockcompany.com,Business Analyst,972,2021-11-15
111,Ethan,Lopez,ethan.lopez111@mockcompany.com,IT Support Engineer,44,2024-09-30
112,James,Clark,james.clark112@mockcompany.com,Marketing Analyst,843,2021-08-28
113,Joshua,Nguyen,joshua.nguyen113@mockcompany.com,Project Coordinator,328,2020-10-01
114,James,White,james.white114@mockcompany.com,Service Coordinator,407,2026-03-11
115,Jack,Taylor,jack.taylor115@mockcompany.com,Dealer Support Associate,470,2020-02-20
116,Isaiah,Hill,isaiah.hill116@mockcompany.com,Dealer Support Associate,801,2024-09-14
117,Benjamin,Sanchez,benjamin.sanchez117@mockcompany.com,IT Support Engineer,152,2021-02-14
118,Eli,Garcia,eli.garcia118@mockcompany.com,Help Desk Specialist,805,2023-03-17
119,Caleb,King,caleb.king119@mockcompany.com,Forecasting Analyst,899,2024-08-10
120,Logan,White,logan.white120@mockcompany.com,Product Specialist,586,2025-04-21
121,Noah,Hernandez,noah.hernandez121@mockcompany.com,Project Coordinator,413,2021-08-12
122,Lincoln,Nguyen,lincoln.nguyen122@mockcompany.com,Business Intelligence Developer,40,2024-06-09
123,Ryan,Lee,ryan.lee123@mockcompany.com,Sales Analyst,51,2025-04-30
124,Miles,Taylor,miles.taylor124@mockcompany.com,Forecasting Analyst,21,2023-10-15
125,Elias,Jackson,elias.jackson125@mockcompany.com,Operations Analyst,288,2025-07-06
126,Nathan,Garcia,nathan.garcia126@mockcompany.com,Sales Analyst,138,2023-05-15
127,Jaxon,Ramirez,jaxon.ramirez127@mockcompany.com,Customer Success Specialist,276,2024-09-03
128,Isaac,Jones,isaac.jones128@mockcompany.com,Marketing Analyst,453,2022-05-15
129,Miles,Sanchez,miles.sanchez129@mockcompany.com,Product Specialist,778,2025-10-16
130,Caleb,Thompson,caleb.thompson130@mockcompany.com,Data Analyst,528,2021-10-13
131,Elijah,Jackson,elijah.jackson131@mockcompany.com,Dealer Support Associate,414,2021-07-09
132,Josiah,Allen,josiah.allen132@mockcompany.com,AI Analyst,178,2022-02-28
133,Ryan,Lopez,ryan.lopez133@mockcompany.com,Data Analyst,256,2020-05-15
134,Matthew,Williams,matthew.williams134@mockcompany.com,Forecasting Analyst,722,2022-03-26
135,Jackson,Thompson,jackson.thompson135@mockcompany.com,Digital Strategy Associate,518,2024-06-13
136,Anthony,Miller,anthony.miller136@mockcompany.com,AI Analyst,248,2024-03-05
137,Asher,Nguyen,asher.nguyen137@mockcompany.com,Digital Strategy Associate,182,2025-04-27
138,Gabriel,Wright,gabriel.wright138@mockcompany.com,Forecasting Analyst,353,2021-10-31
139,Joshua,Thomas,joshua.thomas139@mockcompany.com,Systems Analyst,292,2020-04-22
140,Samuel,Williams,samuel.williams140@mockcompany.com,Business Analyst,875,2022-05-27
141,Nathan,Wilson,nathan.wilson141@mockcompany.com,Sales Analyst,694,2022-04-26
142,Jackson,Sanchez,jackson.sanchez142@mockcompany.com,Dealer Support Associate,21,2020-02-06
143,Luke,Davis,luke.davis143@mockcompany.com,Business Analyst,616,2020-02-04
144,Daniel,Thomas,daniel.thomas144@mockcompany.com,Operations Analyst,730,2023-02-01
145,David,White,david.white145@mockcompany.com,Forecasting Analyst,471,2022-10-29
146,Ethan,Lewis,ethan.lewis146@mockcompany.com,Operations Analyst,694,2025-11-02
147,Elias,Hill,elias.hill147@mockcompany.com,Business Intelligence Developer,599,2021-02-23
148,Nicholas,Young,nicholas.young148@mockcompany.com,Forecasting Analyst,575,2023-03-03
149,Sebastian,Garcia,sebastian.garcia149@mockcompany.com,Product Specialist,66,2023-10-09
150,Jackson,Martin,jackson.martin150@mockcompany.com,Project Coordinator,268,2023-05-08
151,Michael,Rodriguez,michael.rodriguez151@mockcompany.com,Dealer Support Associate,784,2022-09-11
152,Adrian,Williams,adrian.williams152@mockcompany.com,Business Intelligence Developer,677,2023-08-02
153,Ezra,Davis,ezra.davis153@mockcompany.com,AI Analyst,672,2025-07-30
154,Levi,Thomas,levi.thomas154@mockcompany.com,Automation Specialist,415,2024-05-09
155,Jaxon,Johnson,jaxon.johnson155@mockcompany.com,Marketing Analyst,352,2022-06-29
156,Ezra,King,ezra.king156@mockcompany.com,Product Specialist,929,2024-01-08
157,Carter,Jackson,carter.jackson157@mockcompany.com,Business Analyst,861,2026-04-05
158,Mason,Moore,mason.moore158@mockcompany.com,Help Desk Specialist,483,2021-06-08
159,Jaxon,Thomas,jaxon.thomas159@mockcompany.com,Service Coordinator,782,2022-01-19
160,Ezra,Lee,ezra.lee160@mockcompany.com,Systems Analyst,228,2023-12-26
161,Daniel,Jackson,daniel.jackson161@mockcompany.com,Automation Specialist,808,2023-09-19
162,Aiden,Thomas,aiden.thomas162@mockcompany.com,Operations Analyst,475,2021-04-27
163,Luke,Williams,luke.williams163@mockcompany.com,Systems Analyst,484,2022-03-07
164,Carter,Miller,carter.miller164@mockcompany.com,Business Intelligence Developer,543,2023-05-07
165,John,Williams,john.williams165@mockcompany.com,IT Support Engineer,141,2022-03-31
166,Owen,Sanchez,owen.sanchez166@mockcompany.com,Digital Strategy Associate,147,2023-07-19
167,Caleb,Hernandez,caleb.hernandez167@mockcompany.com,Systems Analyst,500,2023-09-24
168,Anthony,Hernandez,anthony.hernandez168@mockcompany.com,Customer Success Specialist,650,2020-08-25
169,Nicholas,Ramirez,nicholas.ramirez169@mockcompany.com,Project Coordinator,215,2021-11-21
170,Jayden,Martinez,jayden.martinez170@mockcompany.com,Product Specialist,805,2020-12-26
171,Lucas,Hill,lucas.hill171@mockcompany.com,Automation Specialist,649,2024-10-24
172,Joseph,Clark,joseph.clark172@mockcompany.com,Product Specialist,393,2020-01-20
173,Noah,King,noah.king173@mockcompany.com,Marketing Analyst,749,2024-03-08
174,Nicholas,Martin,nicholas.martin174@mockcompany.com,Dealer Support Associate,196,2020-03-14
175,Ezra,Cerasaro,ezra.cerasaro175@mockcompany.com,Sales Analyst,232,2023-11-11
176,Sebastian,Davis,sebastian.davis176@mockcompany.com,Help Desk Specialist,393,2025-08-23
177,Gabriel,Jackson,gabriel.jackson177@mockcompany.com,Business Analyst,67,2020-07-06
178,Sebastian,Moore,sebastian.moore178@mockcompany.com,Digital Strategy Associate,746,2025-11-01
179,Isaac,Allen,isaac.allen179@mockcompany.com,Customer Success Specialist,445,2021-07-02
180,Owen,Walker,owen.walker180@mockcompany.com,Forecasting Analyst,769,2022-02-10
181,Alexander,Harris,alexander.harris181@mockcompany.com,AI Analyst,234,2022-07-07
182,Christopher,Davis,christopher.davis182@mockcompany.com,Marketing Analyst,752,2020-03-30
183,Gabriel,Young,gabriel.young183@mockcompany.com,Business Analyst,127,2024-02-10
184,Charles,Johnson,charles.johnson184@mockcompany.com,Business Intelligence Developer,898,2022-11-13
185,Josiah,King,josiah.king185@mockcompany.com,Data Analyst,609,2020-07-15
186,Dylan,Garcia,dylan.garcia186@mockcompany.com,AI Analyst,50,2021-04-19
187,John,Ramirez,john.ramirez187@mockcompany.com,Business Intelligence Developer,127,2026-02-19
188,Logan,Robinson,logan.robinson188@mockcompany.com,IT Support Engineer,211,2020-02-08
189,Sebastian,Sanchez,sebastian.sanchez189@mockcompany.com,Help Desk Specialist,679,2025-11-01
190,Jackson,Hill,jackson.hill190@mockcompany.com,IT Support Engineer,429,2021-03-05
191,Carter,Hill,carter.hill191@mockcompany.com,Help Desk Specialist,290,2021-04-11
192,Isaiah,Garcia,isaiah.garcia192@mockcompany.com,Product Specialist,204,2022-03-29
193,Josiah,Thomas,josiah.thomas193@mockcompany.com,Dealer Support Associate,997,2022-04-06
194,Theodore,Sanchez,theodore.sanchez194@mockcompany.com,Operations Analyst,165,2020-06-10
195,Leo,Walker,leo.walker195@mockcompany.com,Marketing Analyst,705,2025-05-22
196,Owen,Anderson,owen.anderson196@mockcompany.com,AI Analyst,14,2020-12-30
197,Miles,Miller,miles.miller197@mockcompany.com,Product Specialist,153,2021-01-03
198,Josiah,Young,josiah.young198@mockcompany.com,Systems Analyst,741,2021-02-18
199,Adrian,Thomas,adrian.thomas199@mockcompany.com,Sales Analyst,468,2023-04-27
200,Logan,Lewis,logan.lewis200@mockcompany.com,Data Analyst,103,2021-12-16
201,Caleb,Johnson,caleb.johnson201@mockcompany.com,Operations Analyst,369,2023-07-04
202,David,Miller,david.miller202@mockcompany.com,Help Desk Specialist,872,2020-07-06
203,Nicholas,Davis,nicholas.davis203@mockcompany.com,Business Analyst,337,2024-01-04
204,Adrian,Ramirez,adrian.ramirez204@mockcompany.com,Project Coordinator,900,2021-01-15
205,Aiden,Lee,aiden.lee205@mockcompany.com,Business Analyst,117,2024-06-29
206,Joseph,Lewis,joseph.lewis206@mockcompany.com,Project Coordinator,856,2024-04-28
207,Thomas,Robinson,thomas.robinson207@mockcompany.com,Automation Specialist,665,2021-11-14
208,Benjamin,Davis,benjamin.davis208@mockcompany.com,Data Analyst,966,2021-10-14
209,William,Sanchez,william.sanchez209@mockcompany.com,Product Specialist,822,2024-11-29
210,Mason,Hill,mason.hill210@mockcompany.com,Business Intelligence Developer,798,2024-01-08
211,Lincoln,Smith,lincoln.smith211@mockcompany.com,IT Support Engineer,495,2025-06-22
212,Benjamin,Sanchez,benjamin.sanchez212@mockcompany.com,Digital Strategy Associate,48,2020-09-16
213,Logan,Martin,logan.martin213@mockcompany.com,AI Analyst,722,2025-11-19
214,Josiah,Scott,josiah.scott214@mockcompany.com,Sales Analyst,979,2023-10-17
215,Julian,Allen,julian.allen215@mockcompany.com,Help Desk Specialist,444,2022-10-15
216,Luke,Perez,luke.perez216@mockcompany.com,Business Intelligence Developer,153,2026-04-05
217,Adrian,Hill,adrian.hill217@mockcompany.com,Data Analyst,12,2021-10-04
218,Carter,Robinson,carter.robinson218@mockcompany.com,Product Specialist,891,2021-11-08
219,Elijah,Walker,elijah.walker219@mockcompany.com,Customer Success Specialist,247,2023-09-17
220,Jackson,Williams,jackson.williams220@mockcompany.com,Dealer Support Associate,229,2026-03-04
221,Hudson,White,hudson.white221@mockcompany.com,Business Intelligence Developer,837,2022-08-20
222,James,Lewis,james.lewis222@mockcompany.com,Digital Strategy Associate,821,2025-01-09
223,James,Walker,james.walker223@mockcompany.com,Digital Strategy Associate,324,2021-05-01
224,Asher,Smith,asher.smith224@mockcompany.com,Help Desk Specialist,414,2024-08-15
225,Noah,Wright,noah.wright225@mockcompany.com,Service Coordinator,1,2021-01-07
226,Isaiah,Nguyen,isaiah.nguyen226@mockcompany.com,Operations Analyst,912,2025-09-13
227,Leo,Gonzalez,leo.gonzalez227@mockcompany.com,Digital Strategy Associate,974,2023-10-28
228,Aiden,Williams,aiden.williams228@mockcompany.com,Sales Analyst,865,2025-02-04
229,Owen,Wright,owen.wright229@mockcompany.com,Product Specialist,734,2024-01-28
230,Charles,Ramirez,charles.ramirez230@mockcompany.com,Help Desk Specialist,100,2022-06-27
231,Nicholas,Lee,nicholas.lee231@mockcompany.com,Forecasting Analyst,850,2023-04-10
232,Leo,Allen,leo.allen232@mockcompany.com,Forecasting Analyst,719,2021-03-11
233,Noah,Martinez,noah.martinez233@mockcompany.com,Product Specialist,144,2024-08-03
234,William,Thomas,william.thomas234@mockcompany.com,Marketing Analyst,193,2021-05-09
235,Eli,Harris,eli.harris235@mockcompany.com,Marketing Analyst,469,2022-02-19
236,Charles,Lee,charles.lee236@mockcompany.com,Help Desk Specialist,776,2024-08-24
237,Noah,Torres,noah.torres237@mockcompany.com,Help Desk Specialist,791,2025-01-19
238,Matthew,Torres,matthew.torres238@mockcompany.com,Dealer Support Associate,138,2025-08-05
239,Nicholas,Allen,nicholas.allen239@mockcompany.com,Data Analyst,567,2024-11-07
240,Joshua,Torres,joshua.torres240@mockcompany.com,Product Specialist,947,2025-09-13
241,Josiah,Hernandez,josiah.hernandez241@mockcompany.com,Business Analyst,749,2021-06-09
242,William,White,william.white242@mockcompany.com,Customer Success Specialist,517,2024-04-24
243,John,Nguyen,john.nguyen243@mockcompany.com,Sales Analyst,281,2024-06-17
244,Owen,Moore,owen.moore244@mockcompany.com,Digital Strategy Associate,825,2021-06-30
245,Lucas,Sanchez,lucas.sanchez245@mockcompany.com,Dealer Support Associate,307,2026-02-21
246,Caleb,Martin,caleb.martin246@mockcompany.com,Service Coordinator,648,2022-06-09
247,Michael,Gonzalez,michael.gonzalez247@mockcompany.com,Operations Analyst,704,2023-11-15
248,Miles,Davis,miles.davis248@mockcompany.com,Business Analyst,516,2026-01-31
249,Thomas,Martin,thomas.martin249@mockcompany.com,Help Desk Specialist,780,2023-12-13
250,Leo,Robinson,leo.robinson250@mockcompany.com,Automation Specialist,691,2025-12-26
251,Levi,Clark,levi.clark251@mockcompany.com,AI Analyst,536,2021-03-12
252,Liam,White,liam.white252@mockcompany.com,IT Support Engineer,55,2020-08-19
253,Michael,Taylor,michael.taylor253@mockcompany.com,Business Analyst,294,2022-10-23
254,Henry,Williams,henry.williams254@mockcompany.com,Operations Analyst,209,2026-01-25
255,Noah,Perez,noah.perez255@mockcompany.com,Digital Strategy Associate,105,2022-07-07
256,Jaxon,Wright,jaxon.wright256@mockcompany.com,Business Intelligence Developer,244,2025-09-23
257,Isaiah,Moore,isaiah.moore257@mockcompany.com,Data Analyst,949,2024-04-11
258,Samuel,Sanchez,samuel.sanchez258@mockcompany.com,Customer Success Specialist,990,2026-03-11
259,Oliver,Cerasaro,oliver.cerasaro259@mockcompany.com,Project Coordinator,208,2024-12-19
260,Joshua,Wilson,joshua.wilson260@mockcompany.com,Forecasting Analyst,774,2026-02-16
261,Jaxon,Nguyen,jaxon.nguyen261@mockcompany.com,Marketing Analyst,795,2022-03-03
262,Levi,Ramirez,levi.ramirez262@mockcompany.com,Business Analyst,700,2020-11-01
263,Mason,Hernandez,mason.hernandez263@mockcompany.com,Dealer Support Associate,123,2024-03-25
264,Noah,Clark,noah.clark264@mockcompany.com,Project Coordinator,570,2022-12-18
265,Lucas,Martinez,lucas.martinez265@mockcompany.com,Project Coordinator,6,2023-09-15
266,Matthew,Rodriguez,matthew.rodriguez266@mockcompany.com,Data Analyst,158,2023-08-14
267,Isaac,Williams,isaac.williams267@mockcompany.com,Operations Analyst,503,2026-03-03
268,Theodore,Brown,theodore.brown268@mockcompany.com,Customer Success Specialist,539,2022-06-19
269,Mason,Allen,mason.allen269@mockcompany.com,Systems Analyst,806,2025-08-31
270,Alexander,Sanchez,alexander.sanchez270@mockcompany.com,Service Coordinator,550,2024-07-10
271,James,Perez,james.perez271@mockcompany.com,Sales Analyst,905,2022-05-23
272,Dylan,Lee,dylan.lee272@mockcompany.com,Customer Success Specialist,370,2023-04-17
273,Ethan,Hill,ethan.hill273@mockcompany.com,Dealer Support Associate,487,2026-04-18
274,Elias,Cerasaro,elias.cerasaro274@mockcompany.com,Help Desk Specialist,685,2023-11-18
275,Wyatt,Anderson,wyatt.anderson275@mockcompany.com,Sales Analyst,982,2020-06-12
276,Ezra,Martin,ezra.martin276@mockcompany.com,Business Intelligence Developer,938,2021-04-09
277,Samuel,Thomas,samuel.thomas277@mockcompany.com,Service Coordinator,742,2023-03-04
278,Liam,Allen,liam.allen278@mockcompany.com,Forecasting Analyst,527,2025-09-14
279,Wyatt,Walker,wyatt.walker279@mockcompany.com,Data Analyst,304,2022-02-27
280,Jack,Young,jack.young280@mockcompany.com,Systems Analyst,971,2021-01-28
281,Alexander,King,alexander.king281@mockcompany.com,Service Coordinator,8,2020-09-25
282,Ethan,Gonzalez,ethan.gonzalez282@mockcompany.com,Automation Specialist,856,2021-03-01
283,Ethan,King,ethan.king283@mockcompany.com,Automation Specialist,663,2020-10-22
284,Jaxon,Rodriguez,jaxon.rodriguez284@mockcompany.com,AI Analyst,471,2023-09-20
285,Noah,Jones,noah.jones285@mockcompany.com,Systems Analyst,56,2021-12-30
286,Isaiah,Thomas,isaiah.thomas286@mockcompany.com,Service Coordinator,73,2022-07-21
287,Miles,Thomas,miles.thomas287@mockcompany.com,Automation Specialist,398,2025-01-21
288,Anthony,Harris,anthony.harris288@mockcompany.com,Automation Specialist,324,2020-03-10
289,Samuel,Miller,samuel.miller289@mockcompany.com,Service Coordinator,7,2020-09-16
290,Maverick,Torres,maverick.torres290@mockcompany.com,Data Analyst,718,2020-10-24
291,Theodore,Young,theodore.young291@mockcompany.com,Help Desk Specialist,297,2023-05-19
292,Isaac,Jones,isaac.jones292@mockcompany.com,Operations Analyst,784,2024-11-27
293,Samuel,Harris,samuel.harris293@mockcompany.com,AI Analyst,486,2021-10-02
294,Grayson,Wilson,grayson.wilson294@mockcompany.com,IT Support Engineer,765,2024-05-20
295,Isaiah,King,isaiah.king295@mockcompany.com,Operations Analyst,984,2021-08-13
296,Sebastian,Thompson,sebastian.thompson296@mockcompany.com,AI Analyst,567,2026-03-23
297,Henry,Miller,henry.miller297@mockcompany.com,Data Analyst,6,2024-06-02
298,Grayson,Wright,grayson.wright298@mockcompany.com,Systems Analyst,313,2022-05-10
299,Jaxon,Perez,jaxon.perez299@mockcompany.com,Marketing Analyst,423,2025-09-30
300,Henry,Martinez,henry.martinez300@mockcompany.com,Business Analyst,227,2022-11-01
301,Michael,Miller,michael.miller301@mockcompany.com,Business Analyst,688,2020-08-10
302,Nathan,Wright,nathan.wright302@mockcompany.com,Digital Strategy Associate,661,2026-03-01
303,Elijah,Moore,elijah.moore303@mockcompany.com,Systems Analyst,257,2021-02-06
304,Michael,Torres,michael.torres304@mockcompany.com,Product Specialist,975,2023-09-17
305,Theodore,Davis,theodore.davis305@mockcompany.com,Sales Analyst,103,2023-03-13
306,Lincoln,Brown,lincoln.brown306@mockcompany.com,Marketing Analyst,326,2025-06-13
307,Wyatt,Lee,wyatt.lee307@mockcompany.com,Operations Analyst,711,2021-09-16
308,Jayden,Scott,jayden.scott308@mockcompany.com,Forecasting Analyst,828,2023-07-19
309,David,Martinez,david.martinez309@mockcompany.com,AI Analyst,321,2022-10-05
310,Isaiah,Wilson,isaiah.wilson310@mockcompany.com,Automation Specialist,284,2024-01-12
311,Lucas,Lee,lucas.lee311@mockcompany.com,Product Specialist,474,2024-12-29
312,Theodore,Jackson,theodore.jackson312@mockcompany.com,Product Specialist,565,2021-03-21
313,Mason,Nguyen,mason.nguyen313@mockcompany.com,Systems Analyst,862,2023-02-23
314,Nathan,Davis,nathan.davis314@mockcompany.com,Service Coordinator,202,2022-12-14
315,Christopher,Brown,christopher.brown315@mockcompany.com,Systems Analyst,914,2020-03-17
316,Nathan,Young,nathan.young316@mockcompany.com,AI Analyst,833,2024-07-17
317,Josiah,Torres,josiah.torres317@mockcompany.com,Marketing Analyst,929,2020-05-30
318,Leo,Thomas,leo.thomas318@mockcompany.com,Service Coordinator,916,2026-01-19
319,Luke,Rodriguez,luke.rodriguez319@mockcompany.com,Forecasting Analyst,402,2022-07-03
320,Adrian,Torres,adrian.torres320@mockcompany.com,Operations Analyst,138,2025-03-18
321,Carter,Young,carter.young321@mockcompany.com,Systems Analyst,407,2024-01-30
322,Carter,Cerasaro,carter.cerasaro322@mockcompany.com,Sales Analyst,869,2021-11-10
323,Maverick,Young,maverick.young323@mockcompany.com,IT Support Engineer,457,2021-10-14
324,Mason,Scott,mason.scott324@mockcompany.com,IT Support Engineer,754,2025-06-03
325,Theodore,Johnson,theodore.johnson325@mockcompany.com,Sales Analyst,780,2025-06-20
326,Daniel,Brown,daniel.brown326@mockcompany.com,Project Coordinator,379,2022-08-16
327,Noah,Gonzalez,noah.gonzalez327@mockcompany.com,Dealer Support Associate,930,2024-01-19
328,Samuel,Robinson,samuel.robinson328@mockcompany.com,Digital Strategy Associate,903,2020-07-09
329,Noah,Martin,noah.martin329@mockcompany.com,Help Desk Specialist,721,2025-11-05
330,Anthony,Taylor,anthony.taylor330@mockcompany.com,Project Coordinator,593,2026-02-07
331,Jayden,Hernandez,jayden.hernandez331@mockcompany.com,Business Intelligence Developer,670,2024-03-30
332,Aiden,Torres,aiden.torres332@mockcompany.com,Systems Analyst,530,2022-10-27
333,Samuel,Wilson,samuel.wilson333@mockcompany.com,Dealer Support Associate,416,2023-12-16
334,Elias,Perez,elias.perez334@mockcompany.com,Product Specialist,812,2025-05-28
335,Ryan,Nguyen,ryan.nguyen335@mockcompany.com,AI Analyst,514,2021-07-23
336,Wyatt,Martinez,wyatt.martinez336@mockcompany.com,Sales Analyst,79,2025-10-08
337,Hudson,Taylor,hudson.taylor337@mockcompany.com,Marketing Analyst,154,2022-02-04
338,Alexander,Thompson,alexander.thompson338@mockcompany.com,Help Desk Specialist,677,2022-08-01
339,John,Lee,john.lee339@mockcompany.com,Help Desk Specialist,494,2025-05-15
340,Luke,Gonzalez,luke.gonzalez340@mockcompany.com,Business Analyst,663,2024-08-10
341,Liam,Anderson,liam.anderson341@mockcompany.com,Data Analyst,131,2021-10-21
342,Lucas,Young,lucas.young342@mockcompany.com,Data Analyst,913,2021-08-24
343,Oliver,Martinez,oliver.martinez343@mockcompany.com,Project Coordinator,945,2022-01-07
344,Julian,Harris,julian.harris344@mockcompany.com,AI Analyst,900,2023-03-07
345,James,Gonzalez,james.gonzalez345@mockcompany.com,Digital Strategy Associate,622,2025-04-14
346,Caleb,Robinson,caleb.robinson346@mockcompany.com,Business Analyst,225,2024-08-09
347,Isaac,Rodriguez,isaac.rodriguez347@mockcompany.com,Business Analyst,639,2025-09-23
348,Logan,Martinez,logan.martinez348@mockcompany.com,Customer Success Specialist,945,2025-01-31
349,Isaac,Torres,isaac.torres349@mockcompany.com,Systems Analyst,236,2024-03-29
350,Samuel,Davis,samuel.davis350@mockcompany.com,Help Desk Specialist,17,2022-04-08
351,Julian,Young,julian.young351@mockcompany.com,Automation Specialist,847,2021-09-04
352,Isaac,Garcia,isaac.garcia352@mockcompany.com,Business Analyst,488,2020-06-08
353,Ryan,King,ryan.king353@mockcompany.com,Dealer Support Associate,771,2021-04-26
354,James,Robinson,james.robinson354@mockcompany.com,IT Support Engineer,924,2026-01-17
355,Elias,Cerasaro,elias.cerasaro355@mockcompany.com,Automation Specialist,535,2024-09-19
356,Aiden,Johnson,aiden.johnson356@mockcompany.com,Dealer Support Associate,440,2022-07-28
357,Andrew,Robinson,andrew.robinson357@mockcompany.com,Business Intelligence Developer,359,2021-02-04
358,David,Davis,david.davis358@mockcompany.com,Project Coordinator,489,2022-08-10
359,Miles,Jones,miles.jones359@mockcompany.com,Operations Analyst,613,2026-02-05
360,John,Thomas,john.thomas360@mockcompany.com,Marketing Analyst,6,2020-01-30
361,Jayden,Allen,jayden.allen361@mockcompany.com,Help Desk Specialist,533,2020-01-30
362,Samuel,Gonzalez,samuel.gonzalez362@mockcompany.com,Customer Success Specialist,419,2024-01-23
363,William,Rodriguez,william.rodriguez363@mockcompany.com,Automation Specialist,668,2022-11-04
364,Logan,King,logan.king364@mockcompany.com,Automation Specialist,579,2024-02-06
365,Lincoln,Taylor,lincoln.taylor365@mockcompany.com,Business Intelligence Developer,774,2022-04-14
366,John,Wright,john.wright366@mockcompany.com,Service Coordinator,495,2022-01-02
367,Aiden,Wright,aiden.wright367@mockcompany.com,Service Coordinator,496,2022-11-05
368,Sebastian,Scott,sebastian.scott368@mockcompany.com,Forecasting Analyst,793,2024-06-18
369,Jaxon,Davis,jaxon.davis369@mockcompany.com,Help Desk Specialist,766,2022-07-30
370,Wyatt,Martinez,wyatt.martinez370@mockcompany.com,Help Desk Specialist,220,2025-09-13
371,Joseph,Lee,joseph.lee371@mockcompany.com,Service Coordinator,629,2020-08-01
372,Alexander,White,alexander.white372@mockcompany.com,AI Analyst,824,2021-01-08
373,Elias,Rodriguez,elias.rodriguez373@mockcompany.com,Product Specialist,949,2024-11-18
374,James,Brown,james.brown374@mockcompany.com,Project Coordinator,228,2024-02-27
375,James,Nguyen,james.nguyen375@mockcompany.com,Data Analyst,742,2024-04-23
376,Eli,Harris,eli.harris376@mockcompany.com,Dealer Support Associate,294,2020-08-23
377,Josiah,Hernandez,josiah.hernandez377@mockcompany.com,Product Specialist,450,2020-02-13
378,Michael,Allen,michael.allen378@mockcompany.com,Operations Analyst,200,2020-05-17
379,Isaiah,Nguyen,isaiah.nguyen379@mockcompany.com,Dealer Support Associate,529,2022-08-06
380,Lincoln,Martinez,lincoln.martinez380@mockcompany.com,Data Analyst,369,2022-09-06
381,Hudson,Cerasaro,hudson.cerasaro381@mockcompany.com,Business Analyst,89,2023-02-04
382,Josiah,Harris,josiah.harris382@mockcompany.com,Forecasting Analyst,686,2024-06-06
383,Joseph,Torres,joseph.torres383@mockcompany.com,Marketing Analyst,531,2020-03-03
384,Jaxon,Brown,jaxon.brown384@mockcompany.com,Systems Analyst,563,2023-03-11
385,Christopher,Wright,christopher.wright385@mockcompany.com,Forecasting Analyst,356,2023-02-06
386,Daniel,Nguyen,daniel.nguyen386@mockcompany.com,Marketing Analyst,466,2024-07-12
387,Jayden,Cerasaro,jayden.cerasaro387@mockcompany.com,Project Coordinator,180,2024-07-25
388,Carter,Garcia,carter.garcia388@mockcompany.com,Service Coordinator,75,2025-08-22
389,Levi,Lee,levi.lee389@mockcompany.com,Help Desk Specialist,823,2025-10-03
390,Logan,King,logan.king390@mockcompany.com,Project Coordinator,711,2024-12-18
391,Samuel,Scott,samuel.scott391@mockcompany.com,Product Specialist,789,2022-09-23
392,Maverick,Lee,maverick.lee392@mockcompany.com,Digital Strategy Associate,698,2025-03-02
393,Adrian,Torres,adrian.torres393@mockcompany.com,AI Analyst,494,2021-04-21
394,Logan,Brown,logan.brown394@mockcompany.com,Business Intelligence Developer,649,2022-06-21
395,Ezra,Wilson,ezra.wilson395@mockcompany.com,Customer Success Specialist,423,2023-12-17
396,Julian,King,julian.king396@mockcompany.com,AI Analyst,718,2022-12-14
397,Jacob,Moore,jacob.moore397@mockcompany.com,Systems Analyst,409,2023-11-01
398,Elijah,Wright,elijah.wright398@mockcompany.com,Business Analyst,488,2023-07-09
399,Theodore,Gonzalez,theodore.gonzalez399@mockcompany.com,Project Coordinator,188,2022-02-17
400,Asher,Lopez,asher.lopez400@mockcompany.com,Sales Analyst,754,2022-09-18
401,Caleb,Thomas,caleb.thomas401@mockcompany.com,Marketing Analyst,235,2022-04-10
402,Joshua,Anderson,joshua.anderson402@mockcompany.com,Forecasting Analyst,160,2021-03-12
403,Benjamin,Jones,benjamin.jones403@mockcompany.com,Product Specialist,629,2020-01-28
404,Maverick,King,maverick.king404@mockcompany.com,Data Analyst,869,2025-05-29
405,Aiden,Hill,aiden.hill405@mockcompany.com,Customer Success Specialist,505,2023-01-30
406,Asher,Hernandez,asher.hernandez406@mockcompany.com,Dealer Support Associate,287,2024-06-17
407,Daniel,Scott,daniel.scott407@mockcompany.com,IT Support Engineer,56,2025-11-23
408,Andrew,Clark,andrew.clark408@mockcompany.com,Product Specialist,963,2026-01-23
409,Noah,Young,noah.young409@mockcompany.com,Forecasting Analyst,404,2021-12-16
410,Matthew,Miller,matthew.miller410@mockcompany.com,Dealer Support Associate,472,2023-07-16
411,Thomas,Cerasaro,thomas.cerasaro411@mockcompany.com,AI Analyst,691,2022-05-13
412,Samuel,Torres,samuel.torres412@mockcompany.com,Help Desk Specialist,334,2024-01-21
413,Lincoln,Thomas,lincoln.thomas413@mockcompany.com,Business Analyst,562,2022-12-12
414,Jacob,Taylor,jacob.taylor414@mockcompany.com,Product Specialist,982,2023-11-06
415,Aiden,Hernandez,aiden.hernandez415@mockcompany.com,Product Specialist,435,2022-05-12
416,John,Thompson,john.thompson416@mockcompany.com,Forecasting Analyst,875,2024-06-28
417,Jackson,Ramirez,jackson.ramirez417@mockcompany.com,Business Analyst,586,2021-06-21
418,Jayden,Wilson,jayden.wilson418@mockcompany.com,Help Desk Specialist,739,2023-01-10
419,Andrew,Anderson,andrew.anderson419@mockcompany.com,Service Coordinator,443,2024-04-09
420,Michael,Rodriguez,michael.rodriguez420@mockcompany.com,IT Support Engineer,485,2020-02-09
421,Mason,Sanchez,mason.sanchez421@mockcompany.com,Product Specialist,138,2025-10-18
422,Grayson,Martin,grayson.martin422@mockcompany.com,Product Specialist,308,2022-10-24
423,Leo,Scott,leo.scott423@mockcompany.com,Data Analyst,408,2021-02-09
424,Thomas,Martinez,thomas.martinez424@mockcompany.com,Data Analyst,221,2022-11-07
425,Luke,Garcia,luke.garcia425@mockcompany.com,Digital Strategy Associate,763,2023-10-02
426,Logan,Thompson,logan.thompson426@mockcompany.com,Forecasting Analyst,574,2026-04-02
427,Eli,Thomas,eli.thomas427@mockcompany.com,Forecasting Analyst,21,2024-08-13
428,Benjamin,Perez,benjamin.perez428@mockcompany.com,Marketing Analyst,591,2026-01-14
429,Mason,Moore,mason.moore429@mockcompany.com,Forecasting Analyst,333,2025-09-21
430,Asher,Ramirez,asher.ramirez430@mockcompany.com,Systems Analyst,391,2023-03-19
431,Matthew,Rodriguez,matthew.rodriguez431@mockcompany.com,Business Analyst,656,2023-10-13
432,John,Hill,john.hill432@mockcompany.com,Business Intelligence Developer,870,2020-10-19
433,James,Martinez,james.martinez433@mockcompany.com,Customer Success Specialist,234,2023-07-08
434,Jack,Moore,jack.moore434@mockcompany.com,Project Coordinator,620,2024-06-07
435,Jackson,Ramirez,jackson.ramirez435@mockcompany.com,Forecasting Analyst,766,2025-11-03
436,Wyatt,Sanchez,wyatt.sanchez436@mockcompany.com,Business Analyst,189,2020-04-04
437,Lucas,Anderson,lucas.anderson437@mockcompany.com,Project Coordinator,964,2020-11-23
438,Ethan,Martinez,ethan.martinez438@mockcompany.com,Business Intelligence Developer,106,2021-01-26
439,Elijah,Robinson,elijah.robinson439@mockcompany.com,Service Coordinator,56,2020-04-17
440,Josiah,Harris,josiah.harris440@mockcompany.com,Dealer Support Associate,784,2020-12-06
441,William,Thomas,william.thomas441@mockcompany.com,IT Support Engineer,87,2024-05-15
442,Sebastian,Wilson,sebastian.wilson442@mockcompany.com,Sales Analyst,756,2023-03-09
443,Wyatt,Davis,wyatt.davis443@mockcompany.com,IT Support Engineer,540,2021-11-29
444,Liam,Johnson,liam.johnson444@mockcompany.com,Forecasting Analyst,882,2023-08-25
445,Caleb,Robinson,caleb.robinson445@mockcompany.com,Digital Strategy Associate,999,2026-01-23
446,Eli,Taylor,eli.taylor446@mockcompany.com,Service Coordinator,456,2021-07-07
447,Thomas,King,thomas.king447@mockcompany.com,Business Analyst,606,2025-02-13
448,Anthony,Scott,anthony.scott448@mockcompany.com,Automation Specialist,537,2025-12-26
449,Sebastian,Perez,sebastian.perez449@mockcompany.com,Product Specialist,553,2022-07-19
450,Andrew,Jones,andrew.jones450@mockcompany.com,Digital Strategy Associate,316,2024-02-07
451,John,Thomas,john.thomas451@mockcompany.com,IT Support Engineer,311,2020-02-13
452,Nicholas,Allen,nicholas.allen452@mockcompany.com,IT Support Engineer,353,2023-03-20
453,Luke,King,luke.king453@mockcompany.com,AI Analyst,705,2025-07-07
454,Maverick,Robinson,maverick.robinson454@mockcompany.com,Operations Analyst,10,2024-10-29
455,Andrew,Moore,andrew.moore455@mockcompany.com,Sales Analyst,816,2020-01-30
456,Leo,Thompson,leo.thompson456@mockcompany.com,Marketing Analyst,422,2026-04-15
457,David,Harris,david.harris457@mockcompany.com,Sales Analyst,168,2024-05-15
458,Joshua,White,joshua.white458@mockcompany.com,Sales Analyst,270,2020-11-20
459,David,Anderson,david.anderson459@mockcompany.com,Dealer Support Associate,783,2023-01-18
460,Levi,King,levi.king460@mockcompany.com,Project Coordinator,423,2022-02-09
461,Nathan,Brown,nathan.brown461@mockcompany.com,Business Analyst,140,2023-04-01
462,Benjamin,Lewis,benjamin.lewis462@mockcompany.com,Digital Strategy Associate,279,2025-07-08
463,Michael,Martin,michael.martin463@mockcompany.com,AI Analyst,156,2020-07-22
464,Grayson,Smith,grayson.smith464@mockcompany.com,Business Analyst,996,2021-02-22
465,Levi,Taylor,levi.taylor465@mockcompany.com,IT Support Engineer,733,2024-11-30
466,Christopher,Cerasaro,christopher.cerasaro466@mockcompany.com,Sales Analyst,93,2021-09-09
467,Nicholas,Walker,nicholas.walker467@mockcompany.com,Marketing Analyst,351,2024-09-17
468,Sebastian,Walker,sebastian.walker468@mockcompany.com,Forecasting Analyst,475,2020-05-09
469,Owen,Jones,owen.jones469@mockcompany.com,IT Support Engineer,58,2022-12-27
470,Josiah,Harris,josiah.harris470@mockcompany.com,Systems Analyst,557,2025-04-09
471,Mason,Lopez,mason.lopez471@mockcompany.com,Project Coordinator,837,2024-04-11
472,Joshua,Cerasaro,joshua.cerasaro472@mockcompany.com,Help Desk Specialist,998,2022-10-16
473,Samuel,Ramirez,samuel.ramirez473@mockcompany.com,Sales Analyst,756,2020-05-17
474,Michael,Lewis,michael.lewis474@mockcompany.com,Help Desk Specialist,534,2022-05-03
475,Luke,White,luke.white475@mockcompany.com,Operations Analyst,959,2023-08-16
476,Alexander,Johnson,alexander.johnson476@mockcompany.com,Service Coordinator,534,2021-05-15
477,Logan,Robinson,logan.robinson477@mockcompany.com,Operations Analyst,204,2024-01-16
478,Ryan,Williams,ryan.williams478@mockcompany.com,Marketing Analyst,997,2021-04-07
479,Jacob,Clark,jacob.clark479@mockcompany.com,Customer Success Specialist,16,2021-11-16
480,Isaiah,Taylor,isaiah.taylor480@mockcompany.com,Help Desk Specialist,406,2022-09-22
481,Nicholas,Johnson,nicholas.johnson481@mockcompany.com,Product Specialist,705,2021-09-26
482,Aiden,Jones,aiden.jones482@mockcompany.com,Sales Analyst,162,2025-08-09
483,James,Hill,james.hill483@mockcompany.com,Customer Success Specialist,954,2020-09-02
484,Oliver,Perez,oliver.perez484@mockcompany.com,IT Support Engineer,719,2026-01-05
485,Isaiah,Garcia,isaiah.garcia485@mockcompany.com,IT Support Engineer,500,2022-08-11
486,Jack,Wright,jack.wright486@mockcompany.com,Forecasting Analyst,825,2024-12-01
487,Christopher,Lopez,christopher.lopez487@mockcompany.com,AI Analyst,706,2024-03-27
488,Theodore,Davis,theodore.davis488@mockcompany.com,Project Coordinator,921,2020-06-10
489,Asher,Ramirez,asher.ramirez489@mockcompany.com,Service Coordinator,302,2026-02-01
490,Thomas,Walker,thomas.walker490@mockcompany.com,Marketing Analyst,581,2022-02-03
491,Grayson,Perez,grayson.perez491@mockcompany.com,Customer Success Specialist,750,2025-04-02
492,Jackson,Nguyen,jackson.nguyen492@mockcompany.com,Service Coordinator,165,2020-10-09
493,Julian,Rodriguez,julian.rodriguez493@mockcompany.com,Digital Strategy Associate,303,2022-12-14
494,Grayson,Thompson,grayson.thompson494@mockcompany.com,Digital Strategy Associate,1,2025-09-03
495,Samuel,Hernandez,samuel.hernandez495@mockcompany.com,AI Analyst,635,2024-01-31
496,Josiah,Hill,josiah.hill496@mockcompany.com,Sales Analyst,329,2020-09-16
497,Dylan,King,dylan.king497@mockcompany.com,Business Intelligence Developer,195,2025-11-16
498,Ezra,Walker,ezra.walker498@mockcompany.com,Service Coordinator,158,2023-03-05
499,Jack,Sanchez,jack.sanchez499@mockcompany.com,Customer Success Specialist,114,2021-01-29
500,Julian,Brown,julian.brown500@mockcompany.com,Data Analyst,856,2021-06-15
501,Mason,Johnson,mason.johnson501@mockcompany.com,Marketing Analyst,110,2025-06-11
502,Michael,Garcia,michael.garcia502@mockcompany.com,Data Analyst,585,2024-05-10
503,Dylan,Walker,dylan.walker503@mockcompany.com,Dealer Support Associate,639,2022-11-14
504,Oliver,Thompson,oliver.thompson504@mockcompany.com,Sales Analyst,621,2020-10-17
505,Nicholas,Gonzalez,nicholas.gonzalez505@mockcompany.com,Product Specialist,951,2020-11-23
506,Matthew,Williams,matthew.williams506@mockcompany.com,Forecasting Analyst,572,2024-08-30
507,Elias,Thompson,elias.thompson507@mockcompany.com,Data Analyst,844,2022-12-24
508,Julian,Johnson,julian.johnson508@mockcompany.com,Systems Analyst,855,2023-05-29
509,Elijah,Gonzalez,elijah.gonzalez509@mockcompany.com,Dealer Support Associate,100,2021-02-18
510,Christopher,Wilson,christopher.wilson510@mockcompany.com,Service Coordinator,395,2022-02-15
511,Michael,Allen,michael.allen511@mockcompany.com,Sales Analyst,584,2022-01-02
512,Leo,Wright,leo.wright512@mockcompany.com,Automation Specialist,765,2021-03-08
513,Josiah,Scott,josiah.scott513@mockcompany.com,Forecasting Analyst,691,2025-02-21
514,Thomas,Clark,thomas.clark514@mockcompany.com,Help Desk Specialist,171,2022-01-08
515,Leo,Harris,leo.harris515@mockcompany.com,Dealer Support Associate,346,2021-10-09
516,Grayson,Nguyen,grayson.nguyen516@mockcompany.com,Digital Strategy Associate,956,2023-12-14
517,Adrian,Martin,adrian.martin517@mockcompany.com,Service Coordinator,333,2024-03-02
518,John,Clark,john.clark518@mockcompany.com,Customer Success Specialist,624,2022-09-12
519,Jayden,King,jayden.king519@mockcompany.com,Marketing Analyst,385,2026-03-03
520,Eli,Thomas,eli.thomas520@mockcompany.com,Forecasting Analyst,985,2025-01-27
521,Wyatt,Harris,wyatt.harris521@mockcompany.com,AI Analyst,744,2020-05-21
522,Levi,Nguyen,levi.nguyen522@mockcompany.com,AI Analyst,531,2021-07-07
523,Ryan,Jackson,ryan.jackson523@mockcompany.com,AI Analyst,308,2022-06-27
524,Ethan,Martin,ethan.martin524@mockcompany.com,AI Analyst,791,2023-02-04
525,Miles,Wright,miles.wright525@mockcompany.com,Dealer Support Associate,570,2021-09-25
526,William,Johnson,william.johnson526@mockcompany.com,Digital Strategy Associate,365,2021-10-01
527,Lucas,Thomas,lucas.thomas527@mockcompany.com,Forecasting Analyst,911,2022-10-20
528,Daniel,Thomas,daniel.thomas528@mockcompany.com,Operations Analyst,95,2024-06-25
529,Jayden,Gonzalez,jayden.gonzalez529@mockcompany.com,Systems Analyst,741,2023-08-22
530,Isaiah,Robinson,isaiah.robinson530@mockcompany.com,Business Analyst,500,2021-01-25
531,Isaac,Jackson,isaac.jackson531@mockcompany.com,Data Analyst,749,2024-04-11
532,James,Williams,james.williams532@mockcompany.com,Customer Success Specialist,357,2024-11-13
533,John,Miller,john.miller533@mockcompany.com,Sales Analyst,766,2020-02-16
534,Anthony,White,anthony.white534@mockcompany.com,Data Analyst,313,2025-11-17
535,Noah,Martin,noah.martin535@mockcompany.com,Service Coordinator,579,2021-09-04
536,Jack,Young,jack.young536@mockcompany.com,Sales Analyst,157,2020-07-25
537,Ezra,Harris,ezra.harris537@mockcompany.com,Digital Strategy Associate,771,2025-08-29
538,James,Wilson,james.wilson538@mockcompany.com,Automation Specialist,297,2024-06-03
539,Henry,Davis,henry.davis539@mockcompany.com,Customer Success Specialist,85,2025-05-03
540,Jayden,Williams,jayden.williams540@mockcompany.com,Service Coordinator,409,2022-12-11
541,James,Harris,james.harris541@mockcompany.com,Dealer Support Associate,445,2021-06-18
542,Maverick,Davis,maverick.davis542@mockcompany.com,Product Specialist,573,2022-03-22
543,Asher,Harris,asher.harris543@mockcompany.com,Marketing Analyst,575,2025-11-17
544,Jacob,Anderson,jacob.anderson544@mockcompany.com,Systems Analyst,273,2024-10-27
545,Jack,Scott,jack.scott545@mockcompany.com,Systems Analyst,116,2024-08-21
546,David,Thompson,david.thompson546@mockcompany.com,Forecasting Analyst,196,2023-08-06
547,Theodore,Nguyen,theodore.nguyen547@mockcompany.com,AI Analyst,789,2023-06-02
548,Alexander,Perez,alexander.perez548@mockcompany.com,Digital Strategy Associate,639,2021-08-20
549,Wyatt,Johnson,wyatt.johnson549@mockcompany.com,Sales Analyst,205,2024-03-11
550,Henry,Jones,henry.jones550@mockcompany.com,Help Desk Specialist,758,2020-08-11
551,Jacob,Hill,jacob.hill551@mockcompany.com,IT Support Engineer,890,2023-03-24
552,Nicholas,Lee,nicholas.lee552@mockcompany.com,Help Desk Specialist,313,2025-01-17
553,Luke,Smith,luke.smith553@mockcompany.com,Customer Success Specialist,215,2026-01-12
554,Ethan,Gonzalez,ethan.gonzalez554@mockcompany.com,Service Coordinator,536,2022-11-25
555,Leo,Robinson,leo.robinson555@mockcompany.com,IT Support Engineer,712,2020-03-16
556,Samuel,Torres,samuel.torres556@mockcompany.com,Dealer Support Associate,45,2022-11-12
557,Alexander,Williams,alexander.williams557@mockcompany.com,Operations Analyst,206,2023-01-16
558,Oliver,Lewis,oliver.lewis558@mockcompany.com,AI Analyst,69,2024-05-10
559,Dylan,Taylor,dylan.taylor559@mockcompany.com,Forecasting Analyst,886,2021-03-17
560,Liam,Moore,liam.moore560@mockcompany.com,Business Intelligence Developer,237,2024-04-08
561,Carter,Garcia,carter.garcia561@mockcompany.com,Customer Success Specialist,497,2025-12-17
562,James,Hernandez,james.hernandez562@mockcompany.com,Marketing Analyst,513,2025-02-18
563,Leo,Smith,leo.smith563@mockcompany.com,Data Analyst,254,2025-12-08
564,Sebastian,Lee,sebastian.lee564@mockcompany.com,Product Specialist,403,2021-10-05
565,Liam,Perez,liam.perez565@mockcompany.com,Forecasting Analyst,364,2023-05-23
566,Jacob,Young,jacob.young566@mockcompany.com,Project Coordinator,832,2020-09-10
567,Anthony,Thomas,anthony.thomas567@mockcompany.com,Business Intelligence Developer,912,2020-04-30
568,Leo,Taylor,leo.taylor568@mockcompany.com,Sales Analyst,156,2023-10-31
569,Adrian,Harris,adrian.harris569@mockcompany.com,IT Support Engineer,90,2024-04-14
570,Julian,Hill,julian.hill570@mockcompany.com,Sales Analyst,428,2022-09-11
571,Jayden,Rodriguez,jayden.rodriguez571@mockcompany.com,Automation Specialist,994,2023-07-03
572,Miles,Nguyen,miles.nguyen572@mockcompany.com,Customer Success Specialist,460,2026-01-29
573,Lucas,Gonzalez,lucas.gonzalez573@mockcompany.com,IT Support Engineer,595,2026-01-26
574,Ezra,Lopez,ezra.lopez574@mockcompany.com,IT Support Engineer,317,2025-11-15
575,Miles,Davis,miles.davis575@mockcompany.com,Automation Specialist,931,2021-08-17
576,Hudson,Scott,hudson.scott576@mockcompany.com,Business Analyst,326,2020-10-04
577,Leo,King,leo.king577@mockcompany.com,Help Desk Specialist,189,2023-07-24
578,Joshua,Rodriguez,joshua.rodriguez578@mockcompany.com,AI Analyst,784,2023-07-29
579,Ryan,Sanchez,ryan.sanchez579@mockcompany.com,Automation Specialist,311,2024-12-19
580,Jaxon,Taylor,jaxon.taylor580@mockcompany.com,IT Support Engineer,798,2022-02-08
581,William,Davis,william.davis581@mockcompany.com,Business Analyst,27,2022-12-29
582,Isaac,Scott,isaac.scott582@mockcompany.com,Sales Analyst,611,2022-08-09
583,Daniel,Smith,daniel.smith583@mockcompany.com,Forecasting Analyst,82,2025-05-06
584,Lucas,Young,lucas.young584@mockcompany.com,Product Specialist,730,2024-03-11
585,Mason,White,mason.white585@mockcompany.com,Product Specialist,486,2021-07-17
586,Alexander,Lopez,alexander.lopez586@mockcompany.com,Sales Analyst,34,2024-07-31
587,Maverick,Cerasaro,maverick.cerasaro587@mockcompany.com,Project Coordinator,974,2024-08-18
588,Daniel,Lopez,daniel.lopez588@mockcompany.com,Marketing Analyst,68,2021-12-26
589,Eli,Ramirez,eli.ramirez589@mockcompany.com,Product Specialist,705,2023-08-23
590,Caleb,Lewis,caleb.lewis590@mockcompany.com,Sales Analyst,438,2024-07-16
591,Josiah,Johnson,josiah.johnson591@mockcompany.com,Business Intelligence Developer,738,2023-07-05
592,Joseph,Hill,joseph.hill592@mockcompany.com,Service Coordinator,538,2020-06-06
593,Julian,Garcia,julian.garcia593@mockcompany.com,Digital Strategy Associate,468,2020-06-22
594,Ryan,Anderson,ryan.anderson594@mockcompany.com,Dealer Support Associate,551,2024-06-08
595,Jaxon,Johnson,jaxon.johnson595@mockcompany.com,Service Coordinator,397,2025-10-15
596,Maverick,Williams,maverick.williams596@mockcompany.com,Marketing Analyst,299,2024-12-05
597,Joseph,Jackson,joseph.jackson597@mockcompany.com,Operations Analyst,473,2021-11-12
598,David,Moore,david.moore598@mockcompany.com,Data Analyst,707,2025-10-18
599,Adrian,Rodriguez,adrian.rodriguez599@mockcompany.com,Digital Strategy Associate,850,2025-01-24
600,James,Young,james.young600@mockcompany.com,Help Desk Specialist,185,2026-02-16
601,Lucas,Harris,lucas.harris601@mockcompany.com,Automation Specialist,332,2025-01-20
602,Liam,Hernandez,liam.hernandez602@mockcompany.com,Digital Strategy Associate,605,2022-04-07
603,Ryan,Lewis,ryan.lewis603@mockcompany.com,Systems Analyst,257,2023-08-20
604,Thomas,Martinez,thomas.martinez604@mockcompany.com,Help Desk Specialist,94,2021-04-12
605,Charles,Ramirez,charles.ramirez605@mockcompany.com,Forecasting Analyst,88,2025-11-15
606,Charles,White,charles.white606@mockcompany.com,Dealer Support Associate,627,2021-10-16
607,Samuel,Wright,samuel.wright607@mockcompany.com,Business Intelligence Developer,45,2021-11-30
608,Miles,Lee,miles.lee608@mockcompany.com,IT Support Engineer,167,2021-08-15
609,Mason,Williams,mason.williams609@mockcompany.com,Automation Specialist,316,2023-06-21
610,Christopher,Ramirez,christopher.ramirez610@mockcompany.com,Operations Analyst,642,2022-01-10
611,Benjamin,Davis,benjamin.davis611@mockcompany.com,Marketing Analyst,4,2022-11-02
612,Nicholas,Lewis,nicholas.lewis612@mockcompany.com,Product Specialist,876,2025-08-04
613,Grayson,Cerasaro,grayson.cerasaro613@mockcompany.com,Product Specialist,244,2022-06-07
614,Gabriel,Robinson,gabriel.robinson614@mockcompany.com,Digital Strategy Associate,420,2024-12-14
615,James,Nguyen,james.nguyen615@mockcompany.com,AI Analyst,251,2026-02-19
616,Jackson,Hill,jackson.hill616@mockcompany.com,Service Coordinator,840,2022-04-30
617,Oliver,Hernandez,oliver.hernandez617@mockcompany.com,IT Support Engineer,57,2023-11-30
618,Noah,Rodriguez,noah.rodriguez618@mockcompany.com,Data Analyst,684,2023-05-07
619,Owen,Jones,owen.jones619@mockcompany.com,Data Analyst,112,2024-09-03
620,Mason,Martinez,mason.martinez620@mockcompany.com,Operations Analyst,626,2021-12-27
621,Matthew,Torres,matthew.torres621@mockcompany.com,Forecasting Analyst,954,2020-05-26
622,James,Jackson,james.jackson622@mockcompany.com,Customer Success Specialist,378,2024-04-01
623,Elias,Brown,elias.brown623@mockcompany.com,Automation Specialist,864,2026-03-04
624,Elijah,Moore,elijah.moore624@mockcompany.com,Product Specialist,138,2021-05-14
625,Thomas,Taylor,thomas.taylor625@mockcompany.com,Customer Success Specialist,540,2024-08-21
626,Julian,Gonzalez,julian.gonzalez626@mockcompany.com,Marketing Analyst,627,2020-08-26
627,William,Scott,william.scott627@mockcompany.com,Dealer Support Associate,90,2025-06-04
628,Christopher,Nguyen,christopher.nguyen628@mockcompany.com,Operations Analyst,438,2023-07-20
629,Logan,Allen,logan.allen629@mockcompany.com,Forecasting Analyst,950,2021-06-15
630,Lincoln,Scott,lincoln.scott630@mockcompany.com,Product Specialist,533,2025-07-31
631,Asher,Hernandez,asher.hernandez631@mockcompany.com,Sales Analyst,726,2023-04-04
632,Michael,Cerasaro,michael.cerasaro632@mockcompany.com,Help Desk Specialist,25,2025-03-19
633,Anthony,Miller,anthony.miller633@mockcompany.com,Marketing Analyst,819,2024-08-25
634,John,Johnson,john.johnson634@mockcompany.com,Customer Success Specialist,359,2026-04-14
635,Andrew,Gonzalez,andrew.gonzalez635@mockcompany.com,AI Analyst,656,2022-04-04
636,Thomas,Moore,thomas.moore636@mockcompany.com,Project Coordinator,810,2020-10-04
637,Sebastian,Jackson,sebastian.jackson637@mockcompany.com,Dealer Support Associate,564,2023-08-19
638,Josiah,Cerasaro,josiah.cerasaro638@mockcompany.com,Help Desk Specialist,703,2023-09-27
639,Owen,Harris,owen.harris639@mockcompany.com,AI Analyst,853,2021-12-20
640,Michael,Lee,michael.lee640@mockcompany.com,Customer Success Specialist,945,2025-05-16
641,Miles,Robinson,miles.robinson641@mockcompany.com,Data Analyst,662,2021-07-10
642,Luke,Rodriguez,luke.rodriguez642@mockcompany.com,Digital Strategy Associate,914,2026-01-08
643,Adrian,Lee,adrian.lee643@mockcompany.com,Digital Strategy Associate,803,2024-08-22
644,Eli,Williams,eli.williams644@mockcompany.com,Dealer Support Associate,307,2023-07-16
645,Leo,King,leo.king645@mockcompany.com,AI Analyst,214,2023-09-20
646,Andrew,Perez,andrew.perez646@mockcompany.com,Systems Analyst,993,2021-09-03
647,Jackson,Smith,jackson.smith647@mockcompany.com,Customer Success Specialist,385,2025-12-28
648,Joshua,Martinez,joshua.martinez648@mockcompany.com,Business Intelligence Developer,192,2021-04-23
649,Caleb,Jackson,caleb.jackson649@mockcompany.com,Customer Success Specialist,727,2020-05-09
650,Jackson,Sanchez,jackson.sanchez650@mockcompany.com,Systems Analyst,509,2022-08-31
651,Aiden,Ramirez,aiden.ramirez651@mockcompany.com,Operations Analyst,222,2025-11-20
652,Sebastian,Hernandez,sebastian.hernandez652@mockcompany.com,Help Desk Specialist,384,2020-06-02
653,Josiah,Lopez,josiah.lopez653@mockcompany.com,Systems Analyst,455,2025-09-03
654,Liam,Robinson,liam.robinson654@mockcompany.com,Dealer Support Associate,158,2022-02-18
655,Owen,Robinson,owen.robinson655@mockcompany.com,Dealer Support Associate,318,2023-09-02
656,Henry,Garcia,henry.garcia656@mockcompany.com,Dealer Support Associate,693,2021-06-27
657,Ethan,Johnson,ethan.johnson657@mockcompany.com,Digital Strategy Associate,397,2025-11-09
658,Benjamin,Cerasaro,benjamin.cerasaro658@mockcompany.com,Operations Analyst,955,2020-06-29
659,Ezra,Nguyen,ezra.nguyen659@mockcompany.com,Systems Analyst,342,2025-03-27
660,Ryan,Johnson,ryan.johnson660@mockcompany.com,Help Desk Specialist,534,2023-07-03
661,Liam,Scott,liam.scott661@mockcompany.com,Operations Analyst,655,2022-05-09
662,Jack,Lopez,jack.lopez662@mockcompany.com,Marketing Analyst,294,2023-02-07
663,Grayson,Martin,grayson.martin663@mockcompany.com,Digital Strategy Associate,688,2021-04-26
664,Jackson,Rodriguez,jackson.rodriguez664@mockcompany.com,Business Analyst,281,2021-04-13
665,Nicholas,Hill,nicholas.hill665@mockcompany.com,Service Coordinator,527,2021-02-23
666,Ethan,King,ethan.king666@mockcompany.com,Forecasting Analyst,563,2023-07-28
667,Jackson,Rodriguez,jackson.rodriguez667@mockcompany.com,Operations Analyst,588,2022-09-29
668,Alexander,Brown,alexander.brown668@mockcompany.com,Operations Analyst,628,2023-10-19
669,Grayson,Ramirez,grayson.ramirez669@mockcompany.com,Data Analyst,134,2020-04-28
670,Luke,Williams,luke.williams670@mockcompany.com,Help Desk Specialist,393,2020-08-08
671,James,Clark,james.clark671@mockcompany.com,Business Intelligence Developer,184,2024-12-31
672,Lincoln,Perez,lincoln.perez672@mockcompany.com,Operations Analyst,341,2022-03-22
673,Charles,King,charles.king673@mockcompany.com,Systems Analyst,998,2025-03-22
674,Jayden,Davis,jayden.davis674@mockcompany.com,Systems Analyst,833,2025-04-02
675,William,Lewis,william.lewis675@mockcompany.com,Operations Analyst,701,2025-03-21
676,Luke,Wilson,luke.wilson676@mockcompany.com,Sales Analyst,148,2022-11-22
677,Miles,Thompson,miles.thompson677@mockcompany.com,Business Intelligence Developer,188,2023-09-15
678,Isaiah,Martin,isaiah.martin678@mockcompany.com,Digital Strategy Associate,500,2020-05-03
679,Elijah,Robinson,elijah.robinson679@mockcompany.com,Help Desk Specialist,360,2025-05-14
680,Matthew,Martinez,matthew.martinez680@mockcompany.com,Operations Analyst,787,2023-11-28
681,Isaac,Scott,isaac.scott681@mockcompany.com,IT Support Engineer,521,2021-02-25
682,Joseph,Garcia,joseph.garcia682@mockcompany.com,Customer Success Specialist,570,2020-10-17
683,Isaiah,Jackson,isaiah.jackson683@mockcompany.com,Service Coordinator,473,2024-06-29
684,Gabriel,Sanchez,gabriel.sanchez684@mockcompany.com,Sales Analyst,636,2022-09-25
685,Leo,Martinez,leo.martinez685@mockcompany.com,Product Specialist,394,2020-09-27
686,Owen,Gonzalez,owen.gonzalez686@mockcompany.com,Automation Specialist,804,2024-11-18
687,Jayden,Lee,jayden.lee687@mockcompany.com,Service Coordinator,711,2022-08-25
688,Mason,Brown,mason.brown688@mockcompany.com,Product Specialist,118,2025-03-11
689,Jack,Wright,jack.wright689@mockcompany.com,Help Desk Specialist,842,2024-12-28
690,Mason,Jackson,mason.jackson690@mockcompany.com,Business Intelligence Developer,72,2021-03-21
691,Ezra,Nguyen,ezra.nguyen691@mockcompany.com,Business Intelligence Developer,336,2025-07-17
692,Hudson,Williams,hudson.williams692@mockcompany.com,Systems Analyst,223,2021-07-23
693,Ryan,Torres,ryan.torres693@mockcompany.com,AI Analyst,776,2021-08-23
694,Dylan,Rodriguez,dylan.rodriguez694@mockcompany.com,Digital Strategy Associate,545,2023-04-08
695,Samuel,Hill,samuel.hill695@mockcompany.com,Digital Strategy Associate,201,2022-04-22
696,Ezra,Martin,ezra.martin696@mockcompany.com,Operations Analyst,584,2023-06-01
697,Miles,Clark,miles.clark697@mockcompany.com,Forecasting Analyst,92,2020-02-03
698,Lincoln,Young,lincoln.young698@mockcompany.com,Business Intelligence Developer,868,2021-06-06
699,Nathan,Moore,nathan.moore699@mockcompany.com,Data Analyst,379,2026-02-26
700,Oliver,Cerasaro,oliver.cerasaro700@mockcompany.com,Service Coordinator,841,2024-01-11
701,Benjamin,Moore,benjamin.moore701@mockcompany.com,AI Analyst,241,2024-11-03
702,Thomas,Torres,thomas.torres702@mockcompany.com,Business Intelligence Developer,641,2023-07-27
703,Charles,White,charles.white703@mockcompany.com,Business Intelligence Developer,391,2024-11-17
704,Grayson,Gonzalez,grayson.gonzalez704@mockcompany.com,Business Analyst,487,2021-07-23
705,Michael,Wright,michael.wright705@mockcompany.com,Business Intelligence Developer,864,2024-01-15
706,Joshua,Sanchez,joshua.sanchez706@mockcompany.com,IT Support Engineer,296,2021-05-29
707,Lucas,Cerasaro,lucas.cerasaro707@mockcompany.com,Systems Analyst,664,2020-03-05
708,Henry,Walker,henry.walker708@mockcompany.com,Automation Specialist,999,2021-07-10
709,James,Davis,james.davis709@mockcompany.com,Automation Specialist,881,2025-02-10
710,Adrian,Nguyen,adrian.nguyen710@mockcompany.com,Automation Specialist,639,2022-01-06
711,Matthew,Young,matthew.young711@mockcompany.com,Automation Specialist,566,2025-01-17
712,Samuel,Perez,samuel.perez712@mockcompany.com,Sales Analyst,191,2024-10-05
713,Isaac,Cerasaro,isaac.cerasaro713@mockcompany.com,Product Specialist,868,2022-08-27
714,Charles,Young,charles.young714@mockcompany.com,Project Coordinator,421,2026-02-15
715,Jayden,Thompson,jayden.thompson715@mockcompany.com,Data Analyst,39,2025-06-02
716,Charles,Thompson,charles.thompson716@mockcompany.com,Help Desk Specialist,595,2025-05-26
717,Thomas,Jones,thomas.jones717@mockcompany.com,IT Support Engineer,748,2025-11-26
718,Nathan,Taylor,nathan.taylor718@mockcompany.com,Digital Strategy Associate,530,2020-11-16
719,Julian,Hill,julian.hill719@mockcompany.com,Systems Analyst,252,2025-04-19
720,Anthony,Brown,anthony.brown720@mockcompany.com,Service Coordinator,818,2023-07-03
721,Lincoln,Williams,lincoln.williams721@mockcompany.com,Customer Success Specialist,548,2020-02-14
722,Luke,Lewis,luke.lewis722@mockcompany.com,Dealer Support Associate,928,2025-04-05
723,Jayden,Lee,jayden.lee723@mockcompany.com,Automation Specialist,362,2023-04-21
724,Levi,Martinez,levi.martinez724@mockcompany.com,Data Analyst,712,2023-05-30
725,Christopher,Scott,christopher.scott725@mockcompany.com,Project Coordinator,63,2025-04-22
726,Gabriel,Martinez,gabriel.martinez726@mockcompany.com,Data Analyst,673,2023-04-10
727,Andrew,Hill,andrew.hill727@mockcompany.com,AI Analyst,294,2025-06-08
728,James,Davis,james.davis728@mockcompany.com,Dealer Support Associate,79,2023-02-12
729,Logan,Davis,logan.davis729@mockcompany.com,Project Coordinator,282,2022-11-18
730,Nicholas,Miller,nicholas.miller730@mockcompany.com,Business Analyst,932,2021-09-11
731,Dylan,Ramirez,dylan.ramirez731@mockcompany.com,Forecasting Analyst,828,2021-12-19
732,Logan,Anderson,logan.anderson732@mockcompany.com,Product Specialist,186,2025-11-30
733,Caleb,Johnson,caleb.johnson733@mockcompany.com,Customer Success Specialist,87,2021-08-17
734,Isaac,Rodriguez,isaac.rodriguez734@mockcompany.com,Product Specialist,771,2024-08-18
735,Josiah,White,josiah.white735@mockcompany.com,Sales Analyst,677,2024-12-07
736,Christopher,Martinez,christopher.martinez736@mockcompany.com,Marketing Analyst,592,2023-11-14
737,Oliver,Thomas,oliver.thomas737@mockcompany.com,Help Desk Specialist,54,2021-11-17
738,Matthew,Harris,matthew.harris738@mockcompany.com,Product Specialist,309,2025-05-04
739,Jaxon,King,jaxon.king739@mockcompany.com,Sales Analyst,389,2024-05-16
740,Luke,Thomas,luke.thomas740@mockcompany.com,IT Support Engineer,544,2024-11-15
741,Nicholas,Moore,nicholas.moore741@mockcompany.com,Digital Strategy Associate,392,2023-07-17
742,Julian,Johnson,julian.johnson742@mockcompany.com,Help Desk Specialist,940,2025-12-16
743,Anthony,Perez,anthony.perez743@mockcompany.com,Automation Specialist,626,2023-01-21
744,Owen,Taylor,owen.taylor744@mockcompany.com,Project Coordinator,822,2021-02-06
745,Logan,Torres,logan.torres745@mockcompany.com,Business Intelligence Developer,473,2022-09-17
746,Christopher,Torres,christopher.torres746@mockcompany.com,Marketing Analyst,533,2023-10-14
747,Ezra,Hernandez,ezra.hernandez747@mockcompany.com,Customer Success Specialist,561,2020-02-13
748,Ezra,Cerasaro,ezra.cerasaro748@mockcompany.com,Systems Analyst,13,2024-08-11
749,William,Allen,william.allen749@mockcompany.com,Help Desk Specialist,702,2024-12-31
750,Theodore,Wilson,theodore.wilson750@mockcompany.com,Operations Analyst,258,2022-03-01
751,Noah,Smith,noah.smith751@mockcompany.com,Systems Analyst,59,2022-06-07
752,Isaac,Miller,isaac.miller752@mockcompany.com,Help Desk Specialist,89,2021-06-16
753,Samuel,Scott,samuel.scott753@mockcompany.com,Business Analyst,918,2021-03-30
754,Thomas,Hernandez,thomas.hernandez754@mockcompany.com,Project Coordinator,302,2025-03-27
755,Dylan,Brown,dylan.brown755@mockcompany.com,Digital Strategy Associate,945,2023-02-06
756,Josiah,Clark,josiah.clark756@mockcompany.com,Customer Success Specialist,264,2021-10-25
757,Josiah,Brown,josiah.brown757@mockcompany.com,Project Coordinator,796,2020-09-12
758,Samuel,White,samuel.white758@mockcompany.com,Customer Success Specialist,62,2022-11-23
759,Elias,Thomas,elias.thomas759@mockcompany.com,Business Analyst,452,2020-10-11
760,Asher,Lopez,asher.lopez760@mockcompany.com,Business Intelligence Developer,183,2025-07-08
761,William,Rodriguez,william.rodriguez761@mockcompany.com,Service Coordinator,788,2024-11-01
762,Ethan,Hill,ethan.hill762@mockcompany.com,Help Desk Specialist,935,2024-12-13
763,Charles,Thomas,charles.thomas763@mockcompany.com,Help Desk Specialist,36,2020-10-25
764,Elijah,Scott,elijah.scott764@mockcompany.com,Project Coordinator,796,2024-12-31
765,Liam,Walker,liam.walker765@mockcompany.com,IT Support Engineer,669,2020-01-04
766,Eli,Johnson,eli.johnson766@mockcompany.com,Business Intelligence Developer,273,2021-09-12
767,Thomas,Lee,thomas.lee767@mockcompany.com,Business Intelligence Developer,589,2020-01-16
768,Carter,Walker,carter.walker768@mockcompany.com,Product Specialist,447,2024-07-12
769,Nathan,Brown,nathan.brown769@mockcompany.com,Service Coordinator,232,2020-01-14
770,Samuel,Robinson,samuel.robinson770@mockcompany.com,Help Desk Specialist,581,2026-01-01
771,Eli,Perez,eli.perez771@mockcompany.com,Customer Success Specialist,699,2023-05-25
772,Joseph,Williams,joseph.williams772@mockcompany.com,Systems Analyst,375,2025-12-29
773,Nathan,Lee,nathan.lee773@mockcompany.com,Systems Analyst,862,2025-02-25
774,Maverick,Moore,maverick.moore774@mockcompany.com,Marketing Analyst,181,2026-03-21
775,Noah,White,noah.white775@mockcompany.com,Marketing Analyst,307,2024-05-16
776,Adrian,Garcia,adrian.garcia776@mockcompany.com,Forecasting Analyst,499,2020-12-13
777,Ryan,Ramirez,ryan.ramirez777@mockcompany.com,Marketing Analyst,144,2020-05-26
778,Michael,Smith,michael.smith778@mockcompany.com,Sales Analyst,501,2024-05-11
779,Elijah,King,elijah.king779@mockcompany.com,Operations Analyst,512,2025-12-27
780,Joshua,Ramirez,joshua.ramirez780@mockcompany.com,AI Analyst,38,2023-10-21
781,Oliver,Lee,oliver.lee781@mockcompany.com,Data Analyst,416,2021-04-29
782,Ethan,Allen,ethan.allen782@mockcompany.com,Digital Strategy Associate,963,2026-01-06
783,Henry,Torres,henry.torres783@mockcompany.com,Sales Analyst,948,2020-10-22
784,Noah,Rodriguez,noah.rodriguez784@mockcompany.com,Product Specialist,670,2020-03-19
785,Luke,Hill,luke.hill785@mockcompany.com,Data Analyst,249,2021-06-18
786,Nicholas,Hernandez,nicholas.hernandez786@mockcompany.com,Data Analyst,927,2023-06-12
787,Elias,Garcia,elias.garcia787@mockcompany.com,Digital Strategy Associate,626,2021-11-30
788,Joshua,Torres,joshua.torres788@mockcompany.com,Systems Analyst,838,2021-03-11
789,Benjamin,Walker,benjamin.walker789@mockcompany.com,Sales Analyst,65,2022-04-10
790,David,Lee,david.lee790@mockcompany.com,Business Intelligence Developer,333,2021-05-09
791,Ezra,Scott,ezra.scott791@mockcompany.com,Service Coordinator,141,2023-08-10
792,Joshua,Gonzalez,joshua.gonzalez792@mockcompany.com,Data Analyst,608,2021-12-11
793,Owen,Brown,owen.brown793@mockcompany.com,Help Desk Specialist,281,2021-08-01
794,Maverick,Sanchez,maverick.sanchez794@mockcompany.com,Business Analyst,714,2024-02-24
795,Leo,Martinez,leo.martinez795@mockcompany.com,Digital Strategy Associate,250,2020-06-15
796,Lucas,Garcia,lucas.garcia796@mockcompany.com,Business Intelligence Developer,797,2021-10-08
797,Liam,Walker,liam.walker797@mockcompany.com,Systems Analyst,7,2020-01-30
798,Mason,Jones,mason.jones798@mockcompany.com,Operations Analyst,427,2025-05-03
799,Thomas,Davis,thomas.davis799@mockcompany.com,Marketing Analyst,147,2023-01-14
800,Julian,Ramirez,julian.ramirez800@mockcompany.com,Automation Specialist,245,2021-12-15
801,Lincoln,Johnson,lincoln.johnson801@mockcompany.com,Business Analyst,735,2025-08-09
802,Lincoln,Jones,lincoln.jones802@mockcompany.com,Operations Analyst,357,2024-09-11
803,Nicholas,Wright,nicholas.wright803@mockcompany.com,Sales Analyst,197,2021-04-26
804,Julian,Garcia,julian.garcia804@mockcompany.com,Forecasting Analyst,884,2026-01-19
805,Carter,Wilson,carter.wilson805@mockcompany.com,Digital Strategy Associate,789,2022-05-02
806,Jackson,Williams,jackson.williams806@mockcompany.com,Marketing Analyst,116,2021-09-03
807,Ezra,Robinson,ezra.robinson807@mockcompany.com,Product Specialist,181,2021-10-16
808,Dylan,Johnson,dylan.johnson808@mockcompany.com,Data Analyst,661,2024-01-31
809,Levi,Gonzalez,levi.gonzalez809@mockcompany.com,Automation Specialist,258,2023-10-01
810,Lincoln,Lewis,lincoln.lewis810@mockcompany.com,Data Analyst,107,2020-08-02
811,Eli,King,eli.king811@mockcompany.com,Business Analyst,162,2020-04-29
812,Asher,Young,asher.young812@mockcompany.com,Help Desk Specialist,73,2022-08-21
813,Christopher,Ramirez,christopher.ramirez813@mockcompany.com,Customer Success Specialist,430,2022-03-25
814,Jaxon,Martin,jaxon.martin814@mockcompany.com,Sales Analyst,798,2021-03-27
815,Jack,Wilson,jack.wilson815@mockcompany.com,Help Desk Specialist,243,2024-08-16
816,Caleb,Lopez,caleb.lopez816@mockcompany.com,Business Intelligence Developer,913,2022-06-22
817,Elijah,Robinson,elijah.robinson817@mockcompany.com,Product Specialist,56,2024-11-20
818,Henry,Gonzalez,henry.gonzalez818@mockcompany.com,Digital Strategy Associate,183,2024-05-05
819,Aiden,Davis,aiden.davis819@mockcompany.com,Digital Strategy Associate,738,2022-03-06
820,Anthony,Perez,anthony.perez820@mockcompany.com,Project Coordinator,208,2023-10-07
821,Lucas,Johnson,lucas.johnson821@mockcompany.com,Data Analyst,288,2021-07-13
822,Benjamin,Lewis,benjamin.lewis822@mockcompany.com,Digital Strategy Associate,429,2021-12-02
823,Maverick,Lee,maverick.lee823@mockcompany.com,Sales Analyst,908,2023-04-23
824,Isaac,Martinez,isaac.martinez824@mockcompany.com,Business Analyst,592,2026-03-14
825,Nathan,Wilson,nathan.wilson825@mockcompany.com,Systems Analyst,422,2025-11-07
826,Asher,Gonzalez,asher.gonzalez826@mockcompany.com,Product Specialist,858,2025-03-10
827,Jackson,Cerasaro,jackson.cerasaro827@mockcompany.com,Automation Specialist,754,2022-10-07
828,Jacob,Martin,jacob.martin828@mockcompany.com,Automation Specialist,594,2022-06-29
829,Adrian,Torres,adrian.torres829@mockcompany.com,IT Support Engineer,936,2020-01-21
830,John,Johnson,john.johnson830@mockcompany.com,Data Analyst,482,2025-08-27
831,Noah,Clark,noah.clark831@mockcompany.com,Dealer Support Associate,404,2025-05-17
832,Andrew,Garcia,andrew.garcia832@mockcompany.com,Digital Strategy Associate,508,2022-09-12
833,James,Wright,james.wright833@mockcompany.com,AI Analyst,710,2024-07-23
834,Ethan,Davis,ethan.davis834@mockcompany.com,Forecasting Analyst,303,2022-09-06
835,Hudson,Jones,hudson.jones835@mockcompany.com,AI Analyst,492,2023-06-02
836,Alexander,Lewis,alexander.lewis836@mockcompany.com,AI Analyst,1000,2025-02-06
837,Matthew,Davis,matthew.davis837@mockcompany.com,Business Intelligence Developer,190,2024-02-26
838,Anthony,Lewis,anthony.lewis838@mockcompany.com,AI Analyst,882,2020-10-16
839,Samuel,Lee,samuel.lee839@mockcompany.com,Dealer Support Associate,34,2023-04-29
840,David,Taylor,david.taylor840@mockcompany.com,Service Coordinator,590,2022-04-28
841,Isaiah,Jones,isaiah.jones841@mockcompany.com,Customer Success Specialist,754,2020-08-12
842,Carter,Thompson,carter.thompson842@mockcompany.com,Data Analyst,114,2024-04-17
843,Aiden,Lewis,aiden.lewis843@mockcompany.com,Data Analyst,375,2024-02-09
844,Mason,Wright,mason.wright844@mockcompany.com,Systems Analyst,575,2022-04-18
845,Lucas,Lee,lucas.lee845@mockcompany.com,Sales Analyst,553,2021-04-10
846,Hudson,Robinson,hudson.robinson846@mockcompany.com,Marketing Analyst,772,2022-07-12
847,Jack,Perez,jack.perez847@mockcompany.com,Project Coordinator,516,2024-09-28
848,Jackson,Williams,jackson.williams848@mockcompany.com,Systems Analyst,382,2023-11-15
849,Wyatt,Walker,wyatt.walker849@mockcompany.com,Dealer Support Associate,540,2021-05-17
850,Luke,King,luke.king850@mockcompany.com,Service Coordinator,922,2023-04-12
851,Wyatt,Hill,wyatt.hill851@mockcompany.com,Forecasting Analyst,820,2020-09-25
852,Michael,Lewis,michael.lewis852@mockcompany.com,Systems Analyst,83,2024-05-19
853,Adrian,Hernandez,adrian.hernandez853@mockcompany.com,Operations Analyst,982,2020-11-11
854,William,Martinez,william.martinez854@mockcompany.com,Project Coordinator,115,2021-08-29
855,Asher,Rodriguez,asher.rodriguez855@mockcompany.com,Marketing Analyst,534,2020-04-02
856,Levi,Sanchez,levi.sanchez856@mockcompany.com,Service Coordinator,955,2021-06-24
857,Luke,Perez,luke.perez857@mockcompany.com,Automation Specialist,455,2020-03-28
858,Levi,Lopez,levi.lopez858@mockcompany.com,Systems Analyst,23,2022-08-09
859,Joshua,Allen,joshua.allen859@mockcompany.com,Customer Success Specialist,422,2023-11-05
860,Hudson,Martin,hudson.martin860@mockcompany.com,Product Specialist,608,2025-12-11
861,Joshua,Wright,joshua.wright861@mockcompany.com,Digital Strategy Associate,469,2023-05-30
862,Jayden,Davis,jayden.davis862@mockcompany.com,Operations Analyst,176,2022-11-30
863,Daniel,Robinson,daniel.robinson863@mockcompany.com,Forecasting Analyst,995,2023-03-26
864,Josiah,Williams,josiah.williams864@mockcompany.com,IT Support Engineer,362,2023-03-10
865,Matthew,Martinez,matthew.martinez865@mockcompany.com,Business Analyst,729,2026-01-01
866,Levi,Hernandez,levi.hernandez866@mockcompany.com,Business Analyst,860,2021-09-20
867,Alexander,Anderson,alexander.anderson867@mockcompany.com,Help Desk Specialist,43,2023-07-20
868,Jayden,Davis,jayden.davis868@mockcompany.com,Digital Strategy Associate,267,2024-02-23
869,Mason,Gonzalez,mason.gonzalez869@mockcompany.com,Service Coordinator,725,2020-05-22
870,Dylan,Martin,dylan.martin870@mockcompany.com,Forecasting Analyst,152,2024-03-07
871,Wyatt,King,wyatt.king871@mockcompany.com,Business Analyst,547,2023-05-20
872,Benjamin,Smith,benjamin.smith872@mockcompany.com,Business Intelligence Developer,954,2025-08-07
873,Josiah,Rodriguez,josiah.rodriguez873@mockcompany.com,Digital Strategy Associate,951,2023-08-04
874,Henry,Cerasaro,henry.cerasaro874@mockcompany.com,Service Coordinator,1000,2025-09-09
875,Owen,Moore,owen.moore875@mockcompany.com,Product Specialist,918,2023-04-02
876,Maverick,Scott,maverick.scott876@mockcompany.com,IT Support Engineer,819,2024-12-15
877,Owen,Miller,owen.miller877@mockcompany.com,Product Specialist,922,2020-06-13
878,Lucas,Wright,lucas.wright878@mockcompany.com,Help Desk Specialist,316,2020-04-11
879,Joseph,Hill,joseph.hill879@mockcompany.com,Sales Analyst,457,2024-01-03
880,James,Martin,james.martin880@mockcompany.com,Data Analyst,623,2022-03-10
881,Gabriel,Allen,gabriel.allen881@mockcompany.com,Sales Analyst,801,2023-02-12
882,Michael,Smith,michael.smith882@mockcompany.com,Systems Analyst,552,2024-12-29
883,Ezra,Jones,ezra.jones883@mockcompany.com,Dealer Support Associate,404,2022-03-07
884,Asher,Martin,asher.martin884@mockcompany.com,Dealer Support Associate,967,2020-08-17
885,Miles,Thompson,miles.thompson885@mockcompany.com,Business Intelligence Developer,152,2024-10-17
886,Aiden,White,aiden.white886@mockcompany.com,Forecasting Analyst,13,2023-03-11
887,Theodore,Perez,theodore.perez887@mockcompany.com,Operations Analyst,457,2026-04-16
888,James,Gonzalez,james.gonzalez888@mockcompany.com,Digital Strategy Associate,760,2024-08-29
889,Andrew,Ramirez,andrew.ramirez889@mockcompany.com,Operations Analyst,168,2024-10-02
890,Christopher,Sanchez,christopher.sanchez890@mockcompany.com,IT Support Engineer,856,2020-12-18
891,Henry,Gonzalez,henry.gonzalez891@mockcompany.com,Operations Analyst,487,2025-11-21
892,Owen,Brown,owen.brown892@mockcompany.com,Business Intelligence Developer,91,2020-01-28
893,John,Taylor,john.taylor893@mockcompany.com,Automation Specialist,180,2026-03-26
894,Matthew,Scott,matthew.scott894@mockcompany.com,IT Support Engineer,205,2022-01-31
895,Joshua,White,joshua.white895@mockcompany.com,Operations Analyst,568,2025-07-02
896,Noah,Jackson,noah.jackson896@mockcompany.com,Operations Analyst,506,2026-04-09
897,Jaxon,Lewis,jaxon.lewis897@mockcompany.com,Sales Analyst,28,2020-01-11
898,Henry,Thomas,henry.thomas898@mockcompany.com,Operations Analyst,979,2025-04-19
899,Benjamin,Moore,benjamin.moore899@mockcompany.com,Automation Specialist,184,2025-07-07
900,Miles,Anderson,miles.anderson900@mockcompany.com,AI Analyst,123,2023-02-09
901,Asher,Brown,asher.brown901@mockcompany.com,Forecasting Analyst,596,2025-05-22
902,Jayden,Clark,jayden.clark902@mockcompany.com,Project Coordinator,644,2025-05-03
903,Thomas,Miller,thomas.miller903@mockcompany.com,Forecasting Analyst,525,2020-03-12
904,Nathan,Thomas,nathan.thomas904@mockcompany.com,Business Analyst,596,2020-08-27
905,Henry,Martin,henry.martin905@mockcompany.com,Digital Strategy Associate,900,2021-07-08
906,Theodore,Martinez,theodore.martinez906@mockcompany.com,Data Analyst,280,2024-01-19
907,John,Perez,john.perez907@mockcompany.com,Data Analyst,297,2023-04-09
908,Julian,Brown,julian.brown908@mockcompany.com,Dealer Support Associate,199,2022-01-20
909,Maverick,Garcia,maverick.garcia909@mockcompany.com,Business Analyst,557,2023-08-14
910,Caleb,Martin,caleb.martin910@mockcompany.com,Operations Analyst,278,2024-01-24
911,William,King,william.king911@mockcompany.com,Forecasting Analyst,844,2021-08-11
912,Nicholas,Davis,nicholas.davis912@mockcompany.com,Dealer Support Associate,289,2024-03-07
913,Josiah,Walker,josiah.walker913@mockcompany.com,Automation Specialist,349,2021-10-29
914,William,Gonzalez,william.gonzalez914@mockcompany.com,IT Support Engineer,516,2022-06-24
915,Joshua,Lopez,joshua.lopez915@mockcompany.com,Service Coordinator,629,2025-11-23
916,Nathan,King,nathan.king916@mockcompany.com,Service Coordinator,720,2021-04-11
917,John,Lewis,john.lewis917@mockcompany.com,Systems Analyst,120,2021-06-21
918,Eli,Smith,eli.smith918@mockcompany.com,Product Specialist,357,2023-06-30
919,Thomas,Thompson,thomas.thompson919@mockcompany.com,IT Support Engineer,837,2024-12-15
920,Ryan,Nguyen,ryan.nguyen920@mockcompany.com,Dealer Support Associate,782,2023-11-02
921,Mason,Jackson,mason.jackson921@mockcompany.com,AI Analyst,763,2021-04-30
922,Daniel,Davis,daniel.davis922@mockcompany.com,IT Support Engineer,705,2022-07-17
923,Sebastian,Davis,sebastian.davis923@mockcompany.com,Marketing Analyst,134,2020-11-17
924,David,Miller,david.miller924@mockcompany.com,Systems Analyst,20,2025-06-06
925,Maverick,Clark,maverick.clark925@mockcompany.com,Data Analyst,202,2021-03-17
926,Noah,Young,noah.young926@mockcompany.com,Data Analyst,481,2021-05-02
927,Miles,Thomas,miles.thomas927@mockcompany.com,Data Analyst,68,2023-05-20
928,Dylan,Cerasaro,dylan.cerasaro928@mockcompany.com,Help Desk Specialist,802,2021-05-22
929,Miles,Nguyen,miles.nguyen929@mockcompany.com,Marketing Analyst,602,2022-03-30
930,Mason,Perez,mason.perez930@mockcompany.com,AI Analyst,93,2021-08-19
931,Nathan,Taylor,nathan.taylor931@mockcompany.com,Forecasting Analyst,361,2021-10-19
932,Nathan,Young,nathan.young932@mockcompany.com,Sales Analyst,518,2020-10-06
933,William,Torres,william.torres933@mockcompany.com,AI Analyst,542,2022-06-07
934,Charles,Lopez,charles.lopez934@mockcompany.com,Operations Analyst,176,2026-01-09
935,Nicholas,Garcia,nicholas.garcia935@mockcompany.com,Marketing Analyst,943,2025-08-27
936,Nathan,Robinson,nathan.robinson936@mockcompany.com,Forecasting Analyst,715,2022-01-28
937,Wyatt,Garcia,wyatt.garcia937@mockcompany.com,Business Analyst,855,2023-12-24
938,Samuel,Clark,samuel.clark938@mockcompany.com,Marketing Analyst,527,2022-07-21
939,John,Miller,john.miller939@mockcompany.com,Customer Success Specialist,127,2025-03-23
940,Benjamin,Allen,benjamin.allen940@mockcompany.com,IT Support Engineer,508,2024-01-19
941,Charles,Moore,charles.moore941@mockcompany.com,Service Coordinator,740,2020-06-15
942,James,Martin,james.martin942@mockcompany.com,Product Specialist,119,2024-04-25
943,Levi,Lewis,levi.lewis943@mockcompany.com,Operations Analyst,704,2024-12-23
944,Daniel,Wright,daniel.wright944@mockcompany.com,Automation Specialist,298,2024-10-18
945,Michael,Brown,michael.brown945@mockcompany.com,Product Specialist,962,2024-02-14
946,Mason,Cerasaro,mason.cerasaro946@mockcompany.com,Product Specialist,689,2021-03-06
947,Joseph,Ramirez,joseph.ramirez947@mockcompany.com,Dealer Support Associate,675,2020-12-14
948,Benjamin,Rodriguez,benjamin.rodriguez948@mockcompany.com,Business Intelligence Developer,411,2021-02-20
949,Jaxon,Martinez,jaxon.martinez949@mockcompany.com,Systems Analyst,373,2022-03-26
950,Owen,Lopez,owen.lopez950@mockcompany.com,Business Intelligence Developer,126,2022-08-11
951,Joshua,Clark,joshua.clark951@mockcompany.com,Product Specialist,286,2023-01-23
952,Maverick,Harris,maverick.harris952@mockcompany.com,Forecasting Analyst,488,2024-07-14
953,Asher,Young,asher.young953@mockcompany.com,Project Coordinator,151,2025-02-05
954,William,Miller,william.miller954@mockcompany.com,Project Coordinator,502,2025-07-29
955,Daniel,Davis,daniel.davis955@mockcompany.com,AI Analyst,102,2020-08-04
956,Joshua,Brown,joshua.brown956@mockcompany.com,Product Specialist,695,2020-04-19
957,Mason,White,mason.white957@mockcompany.com,Customer Success Specialist,157,2023-05-25
958,Lincoln,Hill,lincoln.hill958@mockcompany.com,Help Desk Specialist,779,2020-11-09
959,Dylan,Allen,dylan.allen959@mockcompany.com,Product Specialist,812,2025-03-23
960,Michael,Moore,michael.moore960@mockcompany.com,Product Specialist,503,2025-08-29
961,Logan,King,logan.king961@mockcompany.com,Customer Success Specialist,829,2026-01-23
962,Grayson,Smith,grayson.smith962@mockcompany.com,Data Analyst,441,2021-05-02
963,Samuel,Ramirez,samuel.ramirez963@mockcompany.com,Customer Success Specialist,874,2024-03-21
964,Wyatt,Lewis,wyatt.lewis964@mockcompany.com,Data Analyst,34,2021-12-25
965,Leo,Jackson,leo.jackson965@mockcompany.com,Business Analyst,504,2024-10-30
966,Lucas,Jackson,lucas.jackson966@mockcompany.com,Business Intelligence Developer,500,2021-03-24
967,Jayden,Walker,jayden.walker967@mockcompany.com,Service Coordinator,702,2026-01-18
968,Jayden,Robinson,jayden.robinson968@mockcompany.com,Product Specialist,576,2021-10-02
969,Carter,Williams,carter.williams969@mockcompany.com,Business Intelligence Developer,270,2025-07-19
970,Gabriel,White,gabriel.white970@mockcompany.com,Forecasting Analyst,785,2023-03-11
971,Jack,Williams,jack.williams971@mockcompany.com,AI Analyst,605,2020-07-03
972,Lucas,Thompson,lucas.thompson972@mockcompany.com,Forecasting Analyst,829,2020-04-20
973,Maverick,Lee,maverick.lee973@mockcompany.com,Business Intelligence Developer,100,2024-10-19
974,Theodore,Perez,theodore.perez974@mockcompany.com,Automation Specialist,360,2020-08-19
975,Dylan,Anderson,dylan.anderson975@mockcompany.com,Sales Analyst,241,2023-07-02
976,Gabriel,Jones,gabriel.jones976@mockcompany.com,Systems Analyst,890,2023-06-02
977,Benjamin,Lee,benjamin.lee977@mockcompany.com,Business Analyst,21,2026-01-14
978,Jack,Johnson,jack.johnson978@mockcompany.com,Digital Strategy Associate,674,2024-09-26
979,Jayden,Young,jayden.young979@mockcompany.com,Automation Specialist,274,2020-03-24
980,Thomas,Robinson,thomas.robinson980@mockcompany.com,AI Analyst,325,2024-03-27
981,Jayden,White,jayden.white981@mockcompany.com,Customer Success Specialist,587,2021-02-04
982,Andrew,Walker,andrew.walker982@mockcompany.com,Help Desk Specialist,708,2022-04-23
983,Owen,Walker,owen.walker983@mockcompany.com,Dealer Support Associate,831,2023-10-22
984,Alexander,Hill,alexander.hill984@mockcompany.com,Operations Analyst,373,2024-11-20
985,Michael,Walker,michael.walker985@mockcompany.com,Systems Analyst,861,2026-01-03
986,Ethan,Moore,ethan.moore986@mockcompany.com,Project Coordinator,49,2023-05-02
987,Jayden,Harris,jayden.harris987@mockcompany.com,Sales Analyst,640,2021-01-11
988,Charles,Torres,charles.torres988@mockcompany.com,Help Desk Specialist,607,2023-10-11
989,Jackson,Brown,jackson.brown989@mockcompany.com,Dealer Support Associate,487,2024-10-15
990,Ethan,Perez,ethan.perez990@mockcompany.com,Systems Analyst,668,2023-05-21
991,Carter,Jackson,carter.jackson991@mockcompany.com,Automation Specialist,680,2026-01-20
992,Jack,Lopez,jack.lopez992@mockcompany.com,Automation Specialist,412,2022-10-26
993,Lincoln,Young,lincoln.young993@mockcompany.com,Digital Strategy Associate,688,2026-02-20
994,Mason,Smith,mason.smith994@mockcompany.com,Dealer Support Associate,884,2022-02-03
995,Jayden,Walker,jayden.walker995@mockcompany.com,Marketing Analyst,677,2025-03-29
996,Jackson,King,jackson.king996@mockcompany.com,Automation Specialist,958,2020-09-02
997,Julian,Lopez,julian.lopez997@mockcompany.com,Forecasting Analyst,474,2021-08-28
998,Jacob,Rodriguez,jacob.rodriguez998@mockcompany.com,Operations Analyst,865,2024-11-18
999,John,Martin,john.martin999@mockcompany.com,Systems Analyst,650,2022-04-13
1000,Nathan,Sanchez,nathan.sanchez1000@mockcompany.com,Project Coordinator,844,2023-03-21
